﻿<?xml version='1.0' encoding='UTF-8'?>
<label>
  <MAIN_REPORT>
    <Text16>Информация о компании</Text16>
    <Text9>Название:</Text9>
    <Text10>Аббревиатура:</Text10>
    <Text11>Цикл организации:</Text11>
    <Text12>Сокращенное название:</Text12>
    <Text1>Дата создания:</Text1>
    <Text2>Филиал:</Text2>
    <Text3>Район:</Text3>
    <Text5>Город:</Text5>
    <Text6>Адрес:</Text6>
    <Text7>Телефон:</Text7>
    <Text19>Вид деятельности:</Text19>
    <Text4>Персональный адрес:</Text4>
  </MAIN_REPORT>
  <CreditSubreport.rpt>
    <Text1>Код контракта</Text1>
    <Text2>Статус</Text2>
    <Text3>Сумма</Text3>
    <Text4>КП</Text4>
    <Text5>Дата создания</Text5>
    <Text6>Дата начала</Text6>
    <Text7>Дата закрытия</Text7>
    <Text8>Группа</Text8>
    <Text9>Просроченные дни</Text9>
    <Text10>ДП</Text10>
  </CreditSubreport.rpt>
  <SavingsSubreport.rpt>
    <Text1>Код депозита</Text1>
    <Text2>Баланс</Text2>
    <Text3>Название продукта</Text3>
    <Text4>Код продукта</Text4>
    <Text5>Тип продукта</Text5>
    <Text6>Дата создания</Text6>
    <Text7>Дата закрытия</Text7>
  </SavingsSubreport.rpt>
</label>