﻿<?xml version="1.0" encoding="utf-8"?>
<report order="0" attachmentPoint="CorporateDetails" visibility ="All">
    <guid>E93CFD16-4DF0-4b97-9945-CBD91B66DBD5</guid>
    <title>Client corporate information</title>
    <description><![CDATA[Client corporate information.]]></description>
	
	<localized lang="ru-RU">
		<title>Информация о компании</title>
		<description><![CDATA[Информация о клиенте.]]></description>	
	</localized>
	
	<localized lang="fr">
		<title>Information sur le entreprise</title>
		<description><![CDATA[Information sur le client.]]></description>	
	</localized>
</report>