﻿<?xml version="1.0" encoding="utf-8"?>
<report order="0" attachmentPoint="CorporateDetails" visibility ="All">
    <title>Client corporate information</title>
    <description><![CDATA[Client corporate information.]]></description>	
	<localized lang="ru-RU">
		<title>Информация о компании</title>
		<description><![CDATA[Информация о клиенте.]]></description>	
	</localized>
	
	<localized lang="fr">
		<title>Information sur l`entreprise</title>
		<description><![CDATA[Information sur le client.]]></description>	
	</localized>
</report>