﻿<?xml version='1.0' encoding='UTF-8'?>
<label>
  <MAIN_REPORT>
    <fn_title>"Ajuda renovação do empréstimo"</fn_title>
    <Text16>Ajuda renovação do empréstimo</Text16>
    <Text2>nome do cliente</Text2>
    <Text3>número de telefone</Text3>
    <Text4>nome distrito</Text4>
    <Text5>feche data</Text5>
    <Text6>quantidade</Text6>
    <Text7>código</Text7>
    <Text8>código dos Contratos</Text8>
    <Text9>dias deixou</Text9>
    <Text10>dias de atraso</Text10>
    <Text1>OLB</Text1>
    <Text14>tipo</Text14>
    <Text12>Oficial de empréstimo:</Text12>
    <Text11>Total:</Text11>
    <Text13>Grand total:</Text13>
  </MAIN_REPORT>
</label>
