﻿<?xml version="1.0" encoding="utf-8"?>
<report order="9">
    <title>Loan renewal helper</title>
	<description><![CDATA[This report is aimed at aiding credit officers to forecast loans' maturity and therefore prepare better for loans' renewal.]]></description>
    <param name= "startDate" label="As of" type="date" default="today"/>
	<param name= "incrementNumber" label="Period" type="query"><![CDATA[SELECT 90, '90 days' UNION ALL SELECT 60, '60 days' UNION ALL SELECT 30, '30 days']]></param>

    <localized lang="ru-RU">
    <title>Анализ возможности повторной выдачи кредита</title>
	<description><![CDATA[Целью этого отчета является прогнозирование возможности выдачи повторных кредитов.]]></description>
    <param name= "startDate" label="Дата" type="date" default="today"/>
	<param name= "incrementNumber" label="Период" type="query"><![CDATA[SELECT 90, N'90 дней' UNION ALL SELECT 60, N'60 дней' UNION ALL SELECT 30, N'30 дней']]></param>
    </localized>

    <localized lang="fr">
    <title>Renouvellement de prêts</title>
	<description><![CDATA[Liste des prêts se finissant dans 30, 60 ou 90 jours : nom du client, code contrat, montant et encours de crédit, date de fin, nombre de jours de retard.]]></description>
    <param name= "startDate" label="Date" type="date" default="today"/>
	<param name= "incrementNumber" label="Période" type="query"><![CDATA[SELECT 90, '90 days' UNION ALL SELECT 60, '60 days' UNION ALL SELECT 30, '30 days']]></param>
    </localized>



 <localized lang="pt">
    <title>Ajudante de renovação de empréstimo</title>
	<description><![CDATA[Este relatório destina-se a ajudar os oficiais de crédito para a previsão de empréstimos de maturidade e, portanto, preparar melhor para os empréstimos de renovação.]]></description>
    <param name= "startDate" label="A partir de" type="date" default="today"/>
	<param name= "incrementNumber" label="período" type="query"><![CDATA[SELECT 90, '90 days' UNION ALL SELECT 60, '60 days' UNION ALL SELECT 30, '30 days']]></param>
 </localized>
 	<tags>
		<tag><![CDATA[Loans]]></tag>
	</tags>
	
	<localized lang="ru-RU">
		<tags>
			<tag><![CDATA[Кредиты]]></tag>
		</tags>	
	</localized>
	
	<localized lang="fr">
		<tags>
			<tag><![CDATA[Crédit]]></tag>
		</tags>	
	</localized>
	
    </report>
