﻿<?xml version='1.0' encoding='UTF-8'?>
<label>
  <MAIN_REPORT>
    <fn_footer>"Tranches • " + CStr({?from}, "dd.MM.yyyy")+"-"+CStr({?to}, "dd.MM.yyyy") + " • " + 
Iif({?disbursed_in_name} = {?display_in_name}, {?disbursed_in_name}, {?disbursed_in_name} + " → " + {?display_in_name}) + " • " +
{?USER_NAME} + " • " + {?BRANCH_NAME}</fn_footer>
    <Text1>Tranches</Text1>
    <Text2>data do evento</Text2>
    <Text3>Data da tranche</Text3>
    <Text4>cliente</Text4>
    <Text5>oficial de empréstimo</Text5>
    <Text6>código dos Contratos</Text6>
    <Text7>produto de empréstimo</Text7>
    <Text8>quantidade tranche</Text8>
    <Text9>taxa de juros</Text9>
    <Text10>maturidade</Text10>
    <Text11>OLB</Text11>
    <Text12>Total</Text12>
  </MAIN_REPORT>
</label>