﻿<?xml version='1.0' encoding='UTF-8'?>
<label>
  <MAIN_REPORT>
    <Text16>Информация о группе</Text16>
    <Text9>Название:</Text9>
    <Text10>Дата образования:</Text10>
    <Text11>Филиал:</Text11>
    <Text12>Район:</Text12>
    <Text1>День встречи:</Text1>
    <Text2>Цикл группы:</Text2>
    <Text3>Район:</Text3>
    <Text4>Домашний адрес:</Text4>
    <Text5>Город:</Text5>
    <Text6>Адрес:</Text6>
    <Text7>Телефон:</Text7>
    <Text8>Район:</Text8>
    <Text15>Деловой адрес:</Text15>
    <Text14>Телефон:</Text14>
    <Text17>Город:</Text17>
  </MAIN_REPORT>
  <CreditSubreport.rpt>
    <Text1>Код контракта</Text1>
    <Text2>Статус</Text2>
    <Text3>Сумма</Text3>
    <Text4>КП</Text4>
    <Text5>Дата создания</Text5>
    <Text6>Дата начала</Text6>
    <Text7>Дата закрытия</Text7>
    <Text8>Группа</Text8>
    <Text9>Просроченные дни</Text9>
    <Text10>ДП</Text10>
  </CreditSubreport.rpt>
  <SavingsSubreport.rpt>
    <Text1>Код депозита</Text1>
    <Text2>Баланс</Text2>
    <Text3>Название продукта</Text3>
    <Text4>Код продукта</Text4>
    <Text5>Тип продукта</Text5>
    <Text6>Дата создания</Text6>
    <Text7>Дата закрытия</Text7>
  </SavingsSubreport.rpt>
  <MemberHistoryreport.rpt>
    <Text1>Название</Text1>
    <Text2>Паспорт №</Text2>
    <Text3>Дата рождения</Text3>
    <Text4>Пол</Text4>
    <Text5>Глава семьи</Text5>
    <Text6>Цикл</Text6>
    <Text7>Дата вступления</Text7>
    <Text8>Дата выбытия</Text8>
    <Text9>Плохой клиент</Text9>
  </MemberHistoryreport.rpt>
</label>