﻿<?xml version="1.0" encoding="utf-8"?>
<report order="0" attachmentPoint="GroupDetails" visibility ="All">
    <title>Client solidarity group information</title>
    <description><![CDATA[Client solidarity group information.]]></description>
	
	<localized lang="ru-RU">
		<title>Информация о группе с солидарной ответственностью</title>
		<description><![CDATA[Информация о клиенте.]]></description>	
	</localized>
	
	<localized lang="fr">
		<title>Information sur la solidarité du groupe</title>
		<description><![CDATA[Information sur le client.]]></description>	
	</localized>
</report>