﻿<?xml version='1.0' encoding='UTF-8'?>
<label>
  <MAIN_REPORT>
    <fn_footer>"Garants pour les prêts déboursés • " + CStr({?startDate}, "dd.MM.yyyy") + " — " + CStr({?endDate}, "dd.MM.yyyy") + " • for branch " + {?branch_id_name} + " • " +
Iif({?disbursed_in_name} = {?display_in_name}, {?disbursed_in_name}, {?disbursed_in_name} + " → " + {?display_in_name}) + " • " +
{?USER_NAME}</fn_footer>
    <Text16>Garants</Text16>
    <Text1>Code contrat</Text1>
    <Text2>Client</Text2>
    <Text3>Agent de crédit</Text3>
    <Text4>Code package</Text4>
    <Text5>Localité</Text5>
    <Text6>KRD</Text6>
    <Text7>Montant du prêt</Text7>
    <Text8>Nom du garant</Text8>
    <Text9>Données d'identification</Text9>
    <Text10>Montant garantie</Text10>
  </MAIN_REPORT>
</label>