﻿<?xml version="1.0" encoding="utf-8"?>
<report order="1">
    <title>Accrued interests1</title>
    <description><![CDATA[Displays detailed report on accrued interests per client. It includes delinquent days, loan officers' names and etc.]]></description>
    <param name="date" label="To" type="date"/>
    <param name="disbursed_in" label="Disbursed in" type="query" hideIfRows="2"><![CDATA[SELECT 0, 'All currencies' UNION ALL SELECT id, name FROM dbo.Currencies]]></param>
    <param name="display_in" label="Display in" type="query" hideIfRows="1"><![CDATA[SELECT id, name FROM dbo.Currencies]]></param>
    <param name="loan_officer_id" label="Loan officer" type="query">
				<![CDATA[

DECLARE @conso_mode BIT
		SELECT @conso_mode = CAST(value AS BIT)
		FROM dbo.GeneralParameters
		WHERE [key] = 'CONSOLIDATION_MODE'

		DECLARE @users TABLE (id INT NOT NULL, name NVARCHAR(100))

		INSERT INTO @users
		SELECT 0, 'All subordinates'

		INSERT INTO @users
		SELECT id, first_name + ' ' + last_name
		FROM dbo.Users
		WHERE id = {USER_ID}

		IF 0 = @conso_mode
		BEGIN
			INSERT INTO @users
			SELECT id, first_name + ' ' + last_name
			FROM dbo.Users
			WHERE id IN
			(
				SELECT subordinate_id 
				FROM dbo.UsersSubordinates
				WHERE user_id = {USER_ID}
			)
		END

		SELECT * FROM @users

				
				]]>
	</param>
	<param name="accrual_days" label="Accrual days" type="query">
			<![CDATA[
						SELECT 30, '30' 
						UNION ALL SELECT 60, '60'
						UNION ALL SELECT 90, '90' 
						UNION ALL SELECT 180, '180' 
						UNION ALL SELECT 365,  'All']]>
	</param>
	
	<param name="branch_id" label="Branch" type="query" hideIfRows="2">
			<![CDATA[
						SELECT 0, 'All branches'
						UNION ALL
						SELECT DISTINCT id, name
						FROM dbo.Branches b
						INNER JOIN dbo.UsersBranches ub ON ub.branch_id = b.id
						WHERE ub.user_id = {USER_ID}
					]]>
	</param>

    
	    
	<localized lang="ru-RU">
        <title>Начисленные проценты</title>
        <description><![CDATA[Этот отчет показывает начисленный процент для каждого клиента. Включает в себя просроченные дни, кредитных специалистов и т.д.]]></description>
        <param name="date" label="На" type="date"/>
        <param name="disbursed_in" label="Выдано в" type="query" hideIfRows="2"><![CDATA[SELECT 0, N'Все валюты' UNION ALL SELECT id, name FROM dbo.Currencies]]></param>
        <param name="display_in" label="Показать в" type="query" hideIfRows="1"><![CDATA[SELECT id, name FROM dbo.Currencies]]></param>
        <param name="loan_officer_id" label="Кред. спец." type="query"><![CDATA[SELECT 0, N'Все' UNION ALL SELECT id, first_name + ' ' + last_name FROM dbo.Users WHERE deleted = 0]]></param>
        <param name="accrual_days" label="Дней начисления" type="query"><![CDATA[SELECT 30, '30' UNION ALL SELECT 60, '60' UNION ALL SELECT 90, '90' UNION ALL  SELECT 180, '180' UNION ALL SELECT 365, 'Все']]></param>
        <param name="branch_id" label="Филиал" type="query" hideIfRows="2"><![CDATA[
            SELECT 0, N'Все филиалы'
            UNION ALL
            SELECT DISTINCT id, name
            FROM dbo.Branches b
            INNER JOIN dbo.UsersBranches ub ON ub.branch_id = b.id
            WHERE ub.user_id = {USER_ID}
            ]]></param>
        
    </localized>

	<localized lang="fr">
        <title>Intérêts courus</title>
        <description><![CDATA[Liste des intérêts courus à une date donnée. Code contrat, nom du client, de l'agent de crédit, montant du principal, intérêts courus et jours de retard ]]></description>
    <param name="date" label="Au" type="date"/>
    <param name="disbursed_in" label="Deboursés en" type="query" hideIfRows="2"><![CDATA[SELECT 0, 'All currencies' UNION ALL SELECT id, name FROM dbo.Currencies]]></param>
    <param name="display_in" label="Affichés en" type="query" hideIfRows="1"><![CDATA[SELECT id, name FROM dbo.Currencies]]></param>
    <param name="loan_officer_id" label="Agent de crédit" type="query"><![CDATA[SELECT 0, 'ALL' UNION ALL SELECT id, first_name + ' ' + last_name FROM dbo.Users WHERE deleted = 0]]></param>
	<param name="accrual_days" label="Jours de courus" type="query"><![CDATA[SELECT 30, '30' UNION ALL SELECT 60, '60' UNION ALL SELECT 90, '90' UNION ALL  SELECT 180, '180' UNION ALL SELECT 365, 'Tous']]></param>
	<param name="branch_id" label="Branche" type="query" hideIfRows="2">
			<![CDATA[
						SELECT 0, 'Toutes les branches'
						UNION ALL
						SELECT DISTINCT id, name
						FROM dbo.Branches b
						INNER JOIN dbo.UsersBranches ub ON ub.branch_id = b.id
						WHERE ub.user_id = {USER_ID}
					]]>
	</param>
    </localized>
	
	<localized lang="es-ES">
    <title>Accrued interests</title>
    <description><![CDATA[Displays detailed report on accrued interests per client. It includes delinquent days, loan officers' names and etc.]]></description>
    <param name="date" label="To" type="date"/>
    <param name="disbursed_in" label="Disbursed in" type="query" hideIfRows="2"><![CDATA[SELECT 0, 'All currencies' UNION ALL SELECT id, name FROM dbo.Currencies]]></param>
    <param name="display_in" label="Display in" type="query" hideIfRows="1"><![CDATA[SELECT id, name FROM dbo.Currencies]]></param>
    <param name="loan_officer_id" label="Loan officer" type="query">
				<![CDATA[SELECT 0, 'ALL' 
				UNION ALL 
				SELECT id, first_name + ' ' + last_name 
				FROM dbo.Users WHERE deleted = 0]]>
	</param>
	<param name="accrual_days" label="Delinquents days" type="query">
			<![CDATA[
						SELECT 30, '30' 
						UNION ALL SELECT 60, '60'
						UNION ALL SELECT 90, '90' 
						UNION ALL SELECT 180, '180' 
						UNION ALL SELECT 365,  'All']]>
	</param>
	
	<param name="branch_id" label="Branch" type="query" hideIfRows="2">
			<![CDATA[
						SELECT 0, 'All branches'
						UNION ALL
						SELECT DISTINCT id, name
						FROM dbo.Branches b
						INNER JOIN dbo.UsersBranches ub ON ub.branch_id = b.id
						WHERE ub.user_id = {USER_ID}
					]]>
	</param>
    </localized>


 <localized lang="pt">
<title>Juros acumulados</title>
    <description><![CDATA[Exibe relatório detalhado sobre juros acumulados por cliente. Inclui dias delinquentes, agentes de crédito dos nomes e etc.]]></description>
    <param name="date" label="Para" type="date"/>
    <param name="disbursed_in" label="desembolsados ​​em" type="query" hideIfRows="2"><![CDATA[SELECT 0, 'All currencies' UNION ALL SELECT id, name FROM dbo.Currencies]]></param>
    <param name="display_in" label="Exibição em" type="query" hideIfRows="1"><![CDATA[SELECT id, name FROM dbo.Currencies]]></param>
    <param name="loan_officer_id" label="oficial de empréstimo" type="query">
				<![CDATA[SELECT 0, 'ALL' 
				UNION ALL 
				SELECT id, first_name + ' ' + last_name 
				FROM dbo.Users WHERE deleted = 0]]>
	</param>
	<param name="accrual_days" label="dia delinqüentes" type="query">
			<![CDATA[
						SELECT 30, '30' 
						UNION ALL SELECT 60, '60'
						UNION ALL SELECT 90, '90' 
						UNION ALL SELECT 180, '180' 
						UNION ALL SELECT 365,  'All']]>
	</param>
	
	<param name="branch_id" label="braço" type="query" hideIfRows="2">
			<![CDATA[
						SELECT 0, 'All branches'
						UNION ALL
						SELECT DISTINCT id, name
						FROM dbo.Branches b
						INNER JOIN dbo.UsersBranches ub ON ub.branch_id = b.id
						WHERE ub.user_id = {USER_ID}
					]]>
	</param>
 </localized>

  <tags>
      <tag>Main</tag>
		<tag><![CDATA[Loans]]></tag>
	</tags>
	
	<localized lang="ru-RU">
		<tags>
      <tag>Main</tag>
			<tag><![CDATA[Кредиты]]></tag>
		</tags>	
	</localized>
	
	<localized lang="fr">
		<tags>
      <tag>Main</tag>
			<tag><![CDATA[Crédit]]></tag>
		</tags>	
	</localized>

  <localized lang="es-ES">
    <tags>
      <tag>Main</tag>
      <tag><![CDATA[Crédito]]></tag>
    </tags>
  </localized>

  <localized lang="pt">
    <tags>
      <tag>Main</tag>
      <tag><![CDATA[Crédito]]></tag>
    </tags>
  </localized>

</report>
