﻿<?xml version='1.0' encoding='UTF-8'?>
<label>
  <MAIN_REPORT>
    <fn_title>"Текущие кредиты и залоги"</fn_title>
    <Text1>Код контракта</Text1>
    <Text2>Клиент</Text2>
    <Text3>Кред. спец.</Text3>
    <Text4>Продукт</Text4>
    <Text5>Район</Text5>
    <Text6>КП</Text6>
    <Text7>Сумма</Text7>
    <Text8>Тип залога</Text8>
    <Text10>Описание</Text10>
    <Text11>Сумма</Text11>
    <Text12>Поле 1</Text12>
    <Text13>Поле 2</Text13>
    <Text14>Поле 3</Text14>
    <Text15>Поле 4</Text15>
    <Text17>Поле 5</Text17>
  </MAIN_REPORT>
</label>