﻿<?xml version='1.0' encoding='UTF-8'?>
<label>
  <MAIN_REPORT>
    <fn_title>"Gages des prêts actifs"</fn_title>
    <Text1>Code du contrat</Text1>
    <Text2>Nom du client</Text2>
    <Text3>Agent de crédit</Text3>
    <Text4>Code du produit </Text4>
    <Text5>Département</Text5>
    <Text6>KRD</Text6>
    <Text7>Montant</Text7>
    <Text8>Type de gage</Text8>
    <Text10>Description
</Text10>
    <Text11>Montant</Text11>
    <Text12>Elément 1</Text12>
    <Text13>Elément 2</Text13>
    <Text14>Elément 3</Text14>
    <Text15>Elément 4</Text15>
    <Text17>Elément 5</Text17>
  </MAIN_REPORT>
</label>