﻿<?xml version='1.0' encoding='UTF-8'?>
<label>
  <MAIN_REPORT>
    <fn_footer>"Выплаты • " + CStr({?from}, "dd.MM.yyyy") + " — " + CStr({?to}, "dd.MM.yyyy") + " • " + 
Iif({?disbursed_in_name} = {?display_in_name}, {?disbursed_in_name}, {?disbursed_in_name} + " → " + {?display_in_name}) + " • " +
{?USER_NAME} + " • " + {?BRANCH_NAME}</fn_footer>
    <fn_written_off_title>if 1 = {Rep_Repayments.written_off} Then
  "Списанные выплаты"
else
  "Нормальные выплаты"</fn_written_off_title>
    <fn_written_off_total>If 1 = {Rep_Repayments.written_off} Then
  "Итого — списанные выплаты"
Else
  "Итого — нормальные выплаты"</fn_written_off_total>
    <Text1>Выплаты</Text1>
    <Text16>Продукты</Text16>
    <Text18>Клиент</Text18>
    <Text20>Кред. спец.</Text20>
    <Text22>Район</Text22>
    <Text24>Сумма</Text24>
    <Text27>Процент</Text27>
    <Text29>Остаток на ТС</Text29>
    <Text4>Пеня</Text4>
	<Text5>Филиал</Text5>
    <Text6>Комиссия</Text6>
    <Text12>Дата</Text12>
    <Text14>Код контракта</Text14>
	 <LastName>Фамилия</LastName>
	 <FirstName>Имя</FirstName>
	 <Transit>Транзит</Transit>
	  <Overpayment>Переплата</Overpayment>
	    <Total>статок на ТС</Total>
    <Text2>ИТОГО</Text2>
  </MAIN_REPORT>
</label>