﻿<?xml version="1.0" encoding="utf-8"?>
<report order="4">
    <title>Repayments</title>
    <description><![CDATA[Detailed report on repayments within a period.]]></description>
    <param name="roles" label="" type="role" default="SUPER,CASHI,LOF,VISIT,ADMIN"/>
	<param name="from" label="From" type="date" default="bom"/>
    <param name="to" label="To" type="date" default="eom"/>
    <param name="disbursed_in" label="Disbursed in" type="query" hideIfRows="2"><![CDATA[
        SELECT 0, 'All currencies'
        UNION ALL
        SELECT id, name
        FROM dbo.Currencies
         
    ]]></param>
    <param name="display_in" label="Display in" type="query" hideIfRows="1"><![CDATA[SELECT id, name FROM dbo.Currencies]]></param>
    <param name="branch_id" label="Branch" type="query" multiselect="yes" hideIfRows="2"><![CDATA[
            SELECT 0, 'All branches'
            UNION ALL
            SELECT DISTINCT id, name
            FROM dbo.Branches b
            INNER JOIN dbo.UsersBranches ub ON ub.branch_id = b.id
            WHERE ub.user_id = {USER_ID}
        
    ]]></param>
	<param name="subordinate_id" label="Subordinate" type="query" hideIfRows="2"><![CDATA[
		DECLARE @users TABLE (id INT NOT NULL, name NVARCHAR(100))

		INSERT INTO @users
		SELECT 0, 'All subordinates'

		INSERT INTO @users
		SELECT id, first_name + ' ' + last_name
		FROM dbo.Users
		WHERE id = {USER_ID}

		 
			INSERT INTO @users
			SELECT id, first_name + ' ' + last_name
			FROM dbo.Users
			WHERE id IN
			(
				SELECT subordinate_id 
				FROM dbo.UsersSubordinates
				WHERE user_id = {USER_ID}
			)
		 
		SELECT * FROM @users
	]]></param>

    <localized lang="ru-RU">
        <title>Оплаты по кредитам</title>
        <description><![CDATA[Детальный отчет по выплатам за период.]]></description>
        <param name="from" label="С" type="date" default="bom"/>
        <param name="to" label="По" type="date" default="eom"/>
        <param name="disbursed_in" label="Выдачи в" type="query" hideIfRows="2"><![CDATA[
            SELECT 0, N'Все валюты'
            UNION ALL
            SELECT id, name
            FROM dbo.Currencies
        ]]></param>
        <param name="display_in" label="Показывать в" type="query" hideIfRows="1"><![CDATA[SELECT id, name FROM dbo.Currencies]]></param>
        <param name="branch_id" label="Филиал" type="query" multiselect="yes" hideIfRows="2"><![CDATA[
             
                SELECT 0, N'Все филиалы'
                UNION ALL
                SELECT DISTINCT id, name
                FROM dbo.Branches b
                INNER JOIN dbo.UsersBranches ub ON ub.branch_id = b.id
                WHERE ub.user_id = {USER_ID}
            
        ]]></param>
		<param name="subordinate_id" label="Подчинённый" type="query" hideIfRows="2"><![CDATA[
			 

			DECLARE @users TABLE (id INT NOT NULL, name NVARCHAR(100))

			INSERT INTO @users
            SELECT 0, N'Все подчинённые'

			INSERT INTO @users
			SELECT id, first_name + ' ' + last_name
			FROM dbo.Users
			WHERE id = {USER_ID}

			 
				INSERT INTO @users
				SELECT id, first_name + ' ' + last_name
				FROM dbo.Users
				WHERE id IN
				(
					SELECT subordinate_id 
					FROM dbo.UsersSubordinates
					WHERE user_id = {USER_ID}
				)
			 

			SELECT * FROM @users
		]]></param>
    </localized>
    
    <localized lang="fr">
        <title>Remboursements</title>
        <description><![CDATA[Liste des remboursements de crédit sur une période, triée par jour de remboursement. Nom du client, code contrat, agent de crédit, produit de crédit, principal, intérêts, pénalités, total]]></description>
        <param name="from" label="Date de début" type="date" default="bom"/>
        <param name="to" label="Date de fin" type="date" default="eom"/>
        <param name="disbursed_in" label="Déboursés en" type="query" hideIfRows="2"><![CDATA[
            SELECT 0, 'All currencies'
            UNION ALL
            SELECT id, name
            FROM dbo.Currencies
        ]]></param>
        <param name="display_in" label="Affichés en" type="query" hideIfRows="1"><![CDATA[SELECT id, name FROM dbo.Currencies]]></param>
        <param name="branch_id" label="Branche" type="query" multiselect="yes" hideIfRows="2"><![CDATA[
                SELECT 0, N'Toutes les branches'
                UNION ALL
                SELECT DISTINCT id, name
                FROM dbo.Branches b
                INNER JOIN dbo.UsersBranches ub ON ub.branch_id = b.id
                WHERE ub.user_id = {USER_ID}
        ]]></param>
		<param name="subordinate_id" label="Subordonné" type="query" hideIfRows="2"><![CDATA[
			 

			DECLARE @users TABLE (id INT NOT NULL, name NVARCHAR(100))

			INSERT INTO @users
            SELECT 0, N'Tous les subordonnés'

			INSERT INTO @users
			SELECT id, first_name + ' ' + last_name
			FROM dbo.Users
			WHERE id = {USER_ID}

		 
				INSERT INTO @users
				SELECT id, first_name + ' ' + last_name
				FROM dbo.Users
				WHERE id IN
				(
					SELECT subordinate_id 
					FROM dbo.UsersSubordinates
					WHERE user_id = {USER_ID}
				)
			 

			SELECT * FROM @users
		]]></param>
    </localized>

 <localized lang="pt">
<title>reembolsos</title>
    <description><![CDATA[Relatório detalhado sobre reembolsos dentro de um período.]]></description>
    <param name="from" label="de" type="date" default="bom"/>
    <param name="to" label="Para" type="date" default="eom"/>
    <param name="disbursed_in" label="desembolsados ​​em" type="query" hideIfRows="2"><![CDATA[
       

        SELECT 0, 'All currencies'
        UNION ALL
        SELECT id, name
        FROM dbo.Currencies
        WHERE 0 = @conso_mode OR is_pivot = 1
    ]]></param>
    <param name="display_in" label="Exibição em" type="query" hideIfRows="1"><![CDATA[SELECT id, name FROM dbo.Currencies]]></param>
    <param name="branch_id" label="braço" type="query" multiselect="yes" hideIfRows="2"><![CDATA[
       

        
            SELECT 0, 'All branches'
            UNION ALL
            SELECT DISTINCT id, name
            FROM dbo.Branches b
            INNER JOIN dbo.UsersBranches ub ON ub.branch_id = b.id
            WHERE ub.user_id = {USER_ID}
        
    ]]></param>
	<param name="subordinate_id" label="subordinar" type="query" hideIfRows="2"><![CDATA[
	 

		DECLARE @users TABLE (id INT NOT NULL, name NVARCHAR(100))

		INSERT INTO @users
		SELECT 0, 'All subordinates'

		INSERT INTO @users
		SELECT id, first_name + ' ' + last_name
		FROM dbo.Users
		WHERE id = {USER_ID}

	 
			INSERT INTO @users
			SELECT id, first_name + ' ' + last_name
			FROM dbo.Users
			WHERE id IN
			(
				SELECT subordinate_id 
				FROM dbo.UsersSubordinates
				WHERE user_id = {USER_ID}
			)
		 
		SELECT * FROM @users
	]]></param>
 </localized>
 
  	<tags>
		<tag>Main</tag>
		<tag><![CDATA[Loans]]></tag>
	</tags>
	
	<localized lang="ru-RU">
		<tags>
			<tag>Main</tag>
			<tag><![CDATA[Кредиты]]></tag>
		</tags>	
	</localized>
	
	<localized lang="fr">
		<tags>
			<tag>Main</tag>
			<tag><![CDATA[Crédit]]></tag>
		</tags>	
	</localized>

</report>
