﻿<?xml version='1.0' encoding='UTF-8'?>
<label>
  <MAIN_REPORT>
    <fn_title>"OLB por Cliente"</fn_title>
    <Text1>primeiro nome</Text1>
    <Text2>sobrenome</Text2>
    <Text3>patronímico</Text3>
    <Text4>código dos Contratos</Text4>
    <Text5>ID do cliente</Text5>
    <Text6>OLB</Text6>
    <Text8>quantidade</Text8>
    <Text9>data de início</Text9>
    <Text10>data de término</Text10>
    <Text7>tarde</Text7>
    <Text12>nome do grupo</Text12>
    <Text11>TOTAL</Text11>
  </MAIN_REPORT>
</label>
