﻿<?xml version='1.0' encoding='UTF-8'?>
<label>
  <MAIN_REPORT>
    <fn_title>"КП по клиентам"</fn_title>
    <Text1>Имя</Text1>
    <Text2>Фамилия</Text2>
    <Text4>Контракт</Text4>
    <Text6>КП</Text6>
    <Text8>Сумма</Text8>
    <Text9>Начало</Text9>
    <Text10>Конец</Text10>
    <Text7>Запаздания</Text7>
    <Text12>Имя группы</Text12>
    <Text3>Паспорт</Text3>
    <Text5>Продукт</Text5>
    <Text13>Кред. спец.</Text13>
    <Text14>Филиал</Text14>
    <Text15>Район</Text15>
    <Text11>ИТОГО</Text11>
  </MAIN_REPORT>
</label>