﻿<?xml version="1.0" encoding="utf-8"?>
<report order="6">
    <title>Compulsory savings</title>
    <description><![CDATA[This report displays list of outstanding loans covered by compulsory savings accounts.]]></description>
    <param name="date" label="As of" type="date"/>
    <param name="disbursed_in" label="Disbursed in" type="query" hideIfRows="2"><![CDATA[SELECT 0, 'All currencies' UNION ALL SELECT id, name FROM dbo.Currencies]]></param>
    <param name="display_in" label="Display in" type="query" hideIfRows="1"><![CDATA[SELECT id, name FROM dbo.Currencies]]></param>
	<tags>
		<tag><![CDATA[Loans]]></tag>
		<tag><![CDATA[Savings]]></tag>
	</tags>
	
    <localized lang="ru-RU">
        <title>Обязательные накопления</title>
        <description><![CDATA[Детальный отчет по текущим займам, покрытым обязательными накоплениями.]]></description>
        <param name="date" label="На" type="date" default="today"/>
        <param name="disbursed_in" label="Выдачи в" type="query" hideIfRows="2"><![CDATA[SELECT 0, N'Все валюты' UNION ALL SELECT id, name FROM dbo.Currencies]]></param>
        <param name="display_in" label="Показывать в" type="query" hideIfRows="1"><![CDATA[SELECT id, name FROM dbo.Currencies]]></param>
		
		<tags>
			<tag><![CDATA[Кредиты]]></tag>
			<tag><![CDATA[Депозиты]]></tag>
		</tags>	
    </localized>
	
    <localized lang="fr">
        <title>Epargne obligatoire</title>
        <description><![CDATA[Liste des crédits en cours couverts par des comptes d'épargne obligatoire. Nom du client, code contrat, Agent de crédit, montant couvert, contrat d'épargne, solde du compte d'épargne]]></description>
        <param name="date" label="A la date du" type="date" default="today"/>
        <param name="disbursed_in" label="Décaissé en" type="query" hideIfRows="2"><![CDATA[SELECT 0, N'Toutes les devises' UNION ALL SELECT id, name FROM dbo.Currencies]]></param>
        <param name="display_in" label="Affiché en" type="query" hideIfRows="1"><![CDATA[SELECT id, name FROM dbo.Currencies]]></param>
		<tags>
			<tag><![CDATA[Crédit]]></tag>
			<tag><![CDATA[Epargne]]></tag>
		</tags>	
    </localized>


 <localized lang="pt">
    <title>compulsary poupança</title>
    <description><![CDATA[Este relatório exibe uma lista de empréstimos cobertos por contas de poupança compulsória.]]></description>
    <param name="date" label="A partir de" type="date"/>
    <param name="disbursed_in" label="desembolsados ​​em" type="query" hideIfRows="2"><![CDATA[SELECT 0, 'All currencies' UNION ALL SELECT id, name FROM dbo.Currencies]]></param>
    <param name="display_in" label="Exibição em" type="query" hideIfRows="1"><![CDATA[SELECT id, name FROM dbo.Currencies]]></param>
 </localized>
 
</report>
