﻿<?xml version='1.0' encoding='UTF-8'?>
<label>
  <MAIN_REPORT>
    <fn_title>"Seguro de Vida de crédito"</fn_title>
    <Text1>nome do cliente</Text1>
    <Text3>montante do crédito</Text3>
    <Text4>código dos Contratos</Text4>
    <Text6>prêmio coletado</Text6>
    <Text7>prêmio ganho</Text7>
    <Text8>Premium para reembolsar</Text8>
    <Text9>S / No</Text9>
    <Text2>Data de Contrato</Text2>
    <Text5>O código do cliente</Text5>
    <Text10>Total:</Text10>
  </MAIN_REPORT>
</label>
