﻿<?xml version='1.0' encoding='UTF-8'?>
<label>
  <MAIN_REPORT>
    <fn_footer>"Доходы и убытки от курсовых разниц " + CStr({?from}, "dd.MM.yyyy") + " — " +CStr({?to}, "dd.MM.yyyy") + " • " + {?index} + " → " + {?pivot} + " • " + {?USER_NAME} + " • " + {?BRANCH_NAME}</fn_footer>
    <Text1>Доходы и убытки от курсовых разниц</Text1>
    <Text10>Район</Text10>
    <Text11>Код контракта</Text11>
    <Text13>Нач. КП</Text13>
    <Text15>Выдано</Text15>
    <Text17>Погашено</Text17>
    <Text19>Кон. КП</Text19>
    <Text20>Новый</Text20>
    <Text23>Ожид. КП</Text23>
    <Text25>Не реализ. Д/У</Text25>
    <Text27>Реализ. Д/У</Text27>
    <Text29>Итого Д/У</Text29>
    <Text30>ИТОГО</Text30>
  </MAIN_REPORT>
</label>