﻿<?xml version='1.0' encoding='UTF-8'?>
<label>
  <MAIN_REPORT>
    <fn_total_group>UpperCase("Total " + {Rep_Trial_Balance.category_name})</fn_total_group>
    <fn_footer>"Trial balance • " + CStr({?from}, "dd.MM.yyyy") + " — " + CStr({?to}, "dd.MM.yyyy") + " • " + 
Iif({?disbursed_in_name} = {?display_in_name}, {?disbursed_in_name}, {?disbursed_in_name} + " → " + {?display_in_name}) + " • " +
{?USER_NAME}</fn_footer>
    <Text16>Balancete</Text16>
    <Text2>Nome</Text2>
    <Text8>conta</Text8>
    <Text9>saldo</Text9>
    <Text10>débito</Text10>
    <Text11>crédito</Text11>
    <Text12>Saldo final</Text12>
  </MAIN_REPORT>
</label>