﻿<?xml version='1.0' encoding='UTF-8'?>
<label>
  <MAIN_REPORT>
    <fn_title>"Part de femmes"</fn_title>
  </MAIN_REPORT>
  <By_District>
    <Text1>Localité</Text1>
    <Text2>Total du KRD</Text2>
    <Text3>KRD femmes</Text3>
    <Text4>Part de femmes</Text4>
    <Text5>Clients actifs</Text5>
    <Text6>Femmes</Text6>
    <Text7>Hommes</Text7>
    <Text9>Part de femmes</Text9>
    <Text8>Inconnu</Text8>
    <Text12>Devise</Text12>
    <Text11>Total</Text11>
    <Text10>Total</Text10>
  </By_District>
  <By_Loan_Officer>
    <Text1>Agent de crédit</Text1>
    <Text2>Total du KRD</Text2>
    <Text3>KRD femmes</Text3>
    <Text4>Part de femmes</Text4>
    <Text5>Clients actifs</Text5>
    <Text6>Femmes</Text6>
    <Text7>Hommes</Text7>
    <Text9>Part de femmes</Text9>
    <Text8>Inconnu</Text8>
    <Text12>Devise</Text12>
    <Text11>Total</Text11>
    <Text10>Total</Text10>
  </By_Loan_Officer>
  <By_Product>
    <Text1>Produit</Text1>
    <Text2>Total du KRD</Text2>
    <Text3>KRD femmes</Text3>
    <Text4>Part de femmes</Text4>
    <Text5>Clients actifs</Text5>
    <Text6>Femmes</Text6>
    <Text7>Hommes</Text7>
    <Text9>Part de femmes</Text9>
    <Text8>Inconnu</Text8>
    <Text12>Devise</Text12>
    <Text11>Total</Text11>
    <Text10>Total</Text10>
  </By_Product>
</label>