﻿<?xml version='1.0' encoding='UTF-8'?>
<label>
  <MAIN_REPORT>
    <fn_title>"Percentagem de mulheres"</fn_title>
  </MAIN_REPORT>
  <By_District>
    <Text1>distrito</Text1>
    <Text2>Total OLB</Text2>
    <Text3>mulheres OLB</Text3>
    <Text4>mulheres de ações</Text4>
    <Text5>Clientes ativos</Text5>
    <Text6>mulheres</Text6>
    <Text7>homens</Text7>
    <Text9>mulheres de ações</Text9>
    <Text8>desconhecido</Text8>
    <Text12>moeda:</Text12>
    <Text11>TOTAL</Text11>
    <Text10>TOTAL</Text10>
  </By_District>
  <By_Loan_Officer>
    <Text1>oficial de empréstimo</Text1>
    <Text2> Total OLB</Text2>
    <Text3>mulheres OLB</Text3>
    <Text4>mulheres de ações</Text4>
    <Text5>Clientes ativos</Text5>
    <Text6>mulheres</Text6>
    <Text7>homens</Text7>
    <Text9>mulheres de ações</Text9>
    <Text8>desconhecido</Text8>
    <Text12>moeda:</Text12>
    <Text11>TOTAL</Text11>
    <Text10>TOTAL</Text10>
  </By_Loan_Officer>
  <By_Product>
    <Text1>produto</Text1>
    <Text2> Total OLB</Text2>
    <Text3>mulheres OLB</Text3>
    <Text4>mulheres de ações</Text4>
    <Text5>Clientes ativos</Text5>
    <Text6>mulheres</Text6>
    <Text7>homens</Text7>
    <Text9>mulheres de ações</Text9>
    <Text8>desconhecido</Text8>
    <Text12>moeda:</Text12>
    <Text11>TOTAL</Text11>
    <Text10>TOTAL</Text10>
  </By_Product>
</label>
