﻿<?xml version="1.0" encoding="utf-8"?>
<report order="112">
    <title>Clients and share of women</title>
    <description><![CDATA[Share of women among the clients and related OLB. Breakdown by loan product, district, loan officer.]]></description>
    <param name= "date" label="Date" type="date" default="today"/>
	<param name="disbursed_in" label="Disbursed in" type="query" hideIfRows="2"><![CDATA[SELECT 0, 'ALL' UNION ALL SELECT id, name FROM dbo.Currencies]]></param>
    <param name="display_in" label="Display in" type="query" hideIfRows="1"><![CDATA[SELECT id, name FROM dbo.Currencies]]></param>

    <localized lang="ru-RU">
    <title>Клиенты и доля женщин</title>
    <description><![CDATA[Доля женщин в общем количесве клиентов и портфеля. Разбивает информацию по продуктам, районам и кредитным специалистам.]]></description>
    <param name= "date" label="Дата" type="date" default="today"/>
	<param name="disbursed_in" label="Выдан в " type="query" hideIfRows="2"><![CDATA[SELECT 0, 'ALL' UNION ALL SELECT id, name FROM dbo.Currencies]]></param>
    <param name="display_in" label="Отображать в" type="query" hideIfRows="1"><![CDATA[SELECT id, name FROM dbo.Currencies]]></param>
    </localized>

    <localized lang="fr">
    <title>Part de femmes</title>
    <description><![CDATA[Statistiques sur le nombre et le pourcentage de femmes dans le portefeuille total. Données triées par type de produit, localité, agent de crédit.]]></description>
    <param name= "date" label="A la date du" type="date" default="today"/>
	<param name="disbursed_in" label="Déboursé en" type="query" hideIfRows="2"><![CDATA[SELECT 0, 'ALL' UNION ALL SELECT id, name FROM dbo.Currencies]]></param>
    <param name="display_in" label="Affiché en" type="query" hideIfRows="1"><![CDATA[SELECT id, name FROM dbo.Currencies]]></param>
    </localized>


 <localized lang="pt">
    <title>Clientes e participação de mulheres</title>
    <description><![CDATA[Percentagem de mulheres entre os clientes e OLB relacionado. Distribuição por produto de empréstimo, distrito, oficial de empréstimo.]]></description>
    <param name= "date" label="data" type="date" default="today"/>
	<param name="disbursed_in" label="desembolsados ​​em" type="query" hideIfRows="2"><![CDATA[SELECT 0, 'ALL' UNION ALL SELECT id, name FROM dbo.Currencies]]></param>
    <param name="display_in" label="Exibição em" type="query" hideIfRows="1"><![CDATA[SELECT id, name FROM dbo.Currencies]]></param>
 </localized>

	<tags>
		<tag><![CDATA[Clients]]></tag>
	</tags>
	
	<localized lang="ru-RU">
		<tags>
			<tag><![CDATA[Клиенты]]></tag>
		</tags>	
	</localized>
	
	<localized lang="fr">
		<tags>
			<tag><![CDATA[Clients]]></tag>
		</tags>	
	</localized>
	
</report>
