﻿<?xml version='1.0' encoding='UTF-8'?>
<label>
  <MAIN_REPORT>
    <fn_title>"Просроченные кредиты"</fn_title>
    <fn_subtotal_loan_officer_product>"Итого — " + {Rep_Delinquent_Loans.loan_officer_name} + " — " + {Rep_Delinquent_Loans.product_name} + " (" + {Rep_Delinquent_Loans.product_code} + ")"</fn_subtotal_loan_officer_product>
    <Text14>Код контракта</Text14>
    <Text18>Клиент</Text18>
    <Text22>Район</Text22>
    <Text12>Начало</Text12>
    <Text25>Конец</Text25>
    <Text24>Сумма</Text24>
    <Text28>Упл. ОС</Text28>
    <Text29>КП</Text29>
    <Text30>Проср. ОС</Text30>
    <Text31>Проср. %</Text31>
    <Text32>Пеня</Text32>
    <Text8>Дни</Text8>
    <LastName>Имя</LastName>
	 <PayingLp>Оплаченный ПОС(сег)</PayingLp>
	  <Days>Дни с посл. оп.</Days> 
	  <CountDays>Дни</CountDays>
	  <LateAmount>Вынос на проср.(сег)</LateAmount>
  </MAIN_REPORT>
</label>
