﻿<?xml version="1.0" encoding="utf-8"?>
<report order="2">
    <title>OLB and LLP per loan</title>
    <description><![CDATA[Detailed report on loss loan provision (LLP).]]></description>
    <param name="date" label="As of" type="date" default="today"/>
	<param name="disbursed_in" label="Disbursed in" type="query" hideIfRows="2"><![CDATA[
		DECLARE @conso_mode BIT
		SELECT @conso_mode = CAST(value AS BIT)
		FROM dbo.GeneralParameters
		WHERE [key] = 'CONSOLIDATION_MODE'

		SELECT 0, 'All currencies'
		UNION ALL
		SELECT id, name
		FROM dbo.Currencies
		WHERE 0 = @conso_mode OR is_pivot = 1
	]]></param>
    <param name="display_in" label="Display in" type="query" hideIfRows="1"><![CDATA[SELECT id, name FROM dbo.Currencies]]></param>
	<param name="branch_id" label="Branch" type="query" hideIfRows="2"><![CDATA[
		DECLARE @conso_mode BIT
		SELECT @conso_mode = CAST(value AS BIT)
		FROM dbo.GeneralParameters
		WHERE [key] = 'CONSOLIDATION_MODE'

		IF 0 = @conso_mode
		BEGIN
			SELECT 0, 'All branches'
			UNION ALL
			SELECT DISTINCT id, name
			FROM dbo.Branches b
			INNER JOIN dbo.UsersBranches ub ON ub.branch_id = b.id
			WHERE ub.user_id = {USER_ID}
		END
		ELSE
		BEGIN
			SELECT 0, 'All branches'
			UNION ALL
			SELECT CAST(ROW_NUMBER() OVER (ORDER BY branch_name) AS INT), branch_name
			FROM dbo.Rep_OLB_and_LLP_Data
			GROUP BY branch_name
		END
	]]></param>
	<param name="subordinate_id" label="Subordinate" type="query" multiselect="yes" hideIfRows="2"><![CDATA[
		DECLARE @conso_mode BIT
		SELECT @conso_mode = CAST(value AS BIT)
		FROM dbo.GeneralParameters
		WHERE [key] = 'CONSOLIDATION_MODE'

		DECLARE @users TABLE (id INT NOT NULL, name NVARCHAR(100))

		INSERT INTO @users
		SELECT 0, 'All subordinates'

		INSERT INTO @users
		SELECT id, first_name + ' ' + last_name
		FROM dbo.Users
		WHERE id = {USER_ID}

		IF 0 = @conso_mode
		BEGIN
			INSERT INTO @users
			SELECT id, first_name + ' ' + last_name
			FROM dbo.Users
			WHERE id IN
			(
				SELECT subordinate_id 
				FROM dbo.UsersSubordinates
				WHERE user_id = {USER_ID}
			)
		END

		SELECT * FROM @users
	]]></param>

    <localized lang="ru-RU">
        <title>РППУ и портфель по кредитам</title>
        <description><![CDATA[Детальный отчет по резерву на покрытие потенциальных потерь и убытков (РППУ) от просроченных кредитов.]]></description>
        <param name="date" label="На" type="date" default="today"/>
        <param name="disbursed_in" label="Выдачи в" type="query" hideIfRows="2"><![CDATA[SELECT 0, N'Все валюты' UNION ALL SELECT id, name FROM dbo.Currencies]]></param>
        <param name="display_in" label="Показывать в" type="query" hideIfRows="1"><![CDATA[SELECT id, name FROM dbo.Currencies]]></param>
	<param name="branch_id" label="Филиал" type="query" hideIfRows="2"><![CDATA[
			SELECT 0, N'Все филиалы'
			UNION ALL
			SELECT DISTINCT id, name
			FROM dbo.Branches b
			INNER JOIN dbo.UsersBranches ub ON ub.branch_id = b.id
			WHERE ub.user_id = {USER_ID}
	]]></param>
	<param name="subordinate_id" label="Подчиненный" type="query" hideIfRows="2"><![CDATA[
		DECLARE @users TABLE (id INT NOT NULL, name NVARCHAR(100))

		INSERT INTO @users
		SELECT 0, N'Все подчиненные'

		INSERT INTO @users
		SELECT id, first_name + ' ' + last_name
		FROM dbo.Users
		WHERE id = {USER_ID}

			INSERT INTO @users
			SELECT id, first_name + ' ' + last_name
			FROM dbo.Users
			WHERE id IN
			(
				SELECT subordinate_id 
				FROM dbo.UsersSubordinates
				WHERE user_id = {USER_ID}
			)

		SELECT * FROM @users
	]]></param>
    </localized>
    
    <localized lang="fr">
        <title>Encours et provisions</title>
        <description><![CDATA[Liste des prêts triés par jour de retard. Nom du client, de l'agent de crédit, code contrat, dates de début et de fin du prêt, montant en retard et nombre de jours de retard. % et montant des provisiosn pour prêt en retard]]></description>
        <param name="date" label="A la date du" type="date" default="today"/>
        <param name="disbursed_in" label="Déboursé en" type="query" hideIfRows="2"><![CDATA[SELECT 0, N'Toutes les devises' UNION ALL SELECT id, name FROM dbo.Currencies]]></param>
        <param name="display_in" label="Affiché en" type="query" hideIfRows="1"><![CDATA[SELECT id, name FROM dbo.Currencies]]></param>
	<param name="branch_id" label="Branche" type="query" hideIfRows="2"><![CDATA[
			SELECT 0, N'Toutes les branches'
			UNION ALL
			SELECT DISTINCT id, name
			FROM dbo.Branches b
			INNER JOIN dbo.UsersBranches ub ON ub.branch_id = b.id
			WHERE ub.user_id = {USER_ID}
	]]></param>
	<param name="subordinate_id" label="Subordonné" type="query" hideIfRows="2"><![CDATA[
		DECLARE @users TABLE (id INT NOT NULL, name NVARCHAR(100))

		INSERT INTO @users
		SELECT 0, N'Tous les subordonnés'

		INSERT INTO @users
		SELECT id, first_name + ' ' + last_name
		FROM dbo.Users
		WHERE id = {USER_ID}

			INSERT INTO @users
			SELECT id, first_name + ' ' + last_name
			FROM dbo.Users
			WHERE id IN
			(
				SELECT subordinate_id 
				FROM dbo.UsersSubordinates
				WHERE user_id = {USER_ID}
			)

		SELECT * FROM @users
	]]></param>
    </localized>


 <localized lang="pt">
<title>OLB e LLP por empréstimo</title>
    <description><![CDATA[Relatório detalhado sobre provisão para perdas de crédito (LLP).]]></description>
    <param name="date" label="A partir de" type="date" default="today"/>
	<param name="disbursed_in" label="desembolsados ​​em" type="query" hideIfRows="2"><![CDATA[
		DECLARE @conso_mode BIT
		SELECT @conso_mode = CAST(value AS BIT)
		FROM dbo.GeneralParameters
		WHERE [key] = 'CONSOLIDATION_MODE'

		SELECT 0, 'All currencies'
		UNION ALL
		SELECT id, name
		FROM dbo.Currencies
		WHERE 0 = @conso_mode OR is_pivot = 1
	]]></param>
    <param name="display_in" label="Exibição em" type="query" hideIfRows="1"><![CDATA[SELECT id, name FROM dbo.Currencies]]></param>
	<param name="branch_id" label="braço" type="query" hideIfRows="2"><![CDATA[
		DECLARE @conso_mode BIT
		SELECT @conso_mode = CAST(value AS BIT)
		FROM dbo.GeneralParameters
		WHERE [key] = 'CONSOLIDATION_MODE'

		IF 0 = @conso_mode
		BEGIN
			SELECT 0, 'All branches'
			UNION ALL
			SELECT DISTINCT id, name
			FROM dbo.Branches b
			INNER JOIN dbo.UsersBranches ub ON ub.branch_id = b.id
			WHERE ub.user_id = {USER_ID}
		END
		ELSE
		BEGIN
			SELECT 0, 'All branches'
			UNION ALL
			SELECT CAST(ROW_NUMBER() OVER (ORDER BY branch_name) AS INT), branch_name
			FROM dbo.Rep_OLB_and_LLP_Data
			GROUP BY branch_name
		END
	]]></param>
	<param name="subordinate_id" label="subordinar" type="query" hideIfRows="2"><![CDATA[
		DECLARE @conso_mode BIT
		SELECT @conso_mode = CAST(value AS BIT)
		FROM dbo.GeneralParameters
		WHERE [key] = 'CONSOLIDATION_MODE'

		DECLARE @users TABLE (id INT NOT NULL, name NVARCHAR(100))

		INSERT INTO @users
		SELECT 0, 'All subordinates'

		INSERT INTO @users
		SELECT id, first_name + ' ' + last_name
		FROM dbo.Users
		WHERE id = {USER_ID}

		IF 0 = @conso_mode
		BEGIN
			INSERT INTO @users
			SELECT id, first_name + ' ' + last_name
			FROM dbo.Users
			WHERE id IN
			(
				SELECT subordinate_id 
				FROM dbo.UsersSubordinates
				WHERE user_id = {USER_ID}
			)
		END

		SELECT * FROM @users
	]]></param>
 </localized>

  <tags>
    <tag>Main</tag>
    <tag><![CDATA[Loans]]></tag>
  </tags>

  <localized lang="ru-RU">
    <tags>
      <tag>Main</tag>
      <tag><![CDATA[Кредиты]]></tag>
    </tags>
  </localized>

  <localized lang="fr">
    <tags>
      <tag>Main</tag>
      <tag><![CDATA[Crédit]]></tag>
    </tags>
  </localized>

  <localized lang="es-ES">
    <tags>
      <tag>Main</tag>
      <tag><![CDATA[Crédito]]></tag>
    </tags>
  </localized>

  <localized lang="pt">
    <tags>
      <tag>Main</tag>
      <tag><![CDATA[Crédito]]></tag>
    </tags>
  </localized>
</report>
