﻿<?xml version="1.0" encoding="utf-8"?>
<report order="91">
    <title>[Excel] Active loans</title>
        <description><![CDATA[Aggregate report on active loans and OLB grouped by product, activity, district, loan officer, etc.]]></description>
        <param name="date" label="As of" type="date"/>
        <param name="disbursed_in" label="Disbursed in" type="query" hideIfRows="2"><![CDATA[
            SELECT 0, 'All currencies'
            UNION ALL
            SELECT id, name
            FROM dbo.Currencies
            ]]>
        </param>
        <param name="display_in" label="Display in" type="query" hideIfRows="1"><![CDATA[SELECT id, name FROM dbo.Currencies]]></param>
        <param name="branch_id" label="Branch" type="query" hideIfRows="2"><![CDATA[
            SELECT 0, 'All branches'
            UNION ALL
            SELECT DISTINCT id, name
            FROM dbo.Branches b
            INNER JOIN dbo.UsersBranches ub ON ub.branch_id = b.id
            WHERE ub.user_id = {USER_ID}]]>
        </param>
        <param name="subordinate_id" label="Subordinate" type="query" hideIfRows="2"><![CDATA[
            SELECT 0, 'All subordinates'
            UNION ALL
            SELECT id, first_name + ' ' + last_name
            FROM dbo.Users
            WHERE id IN
            (
                SELECT subordinate_id 
                FROM dbo.UsersSubordinates
                WHERE user_id = {USER_ID}
            )]]>
        </param>

        <localized lang="ru-RU">
        <title>[Excel] Текущие кредиты</title>
        <description><![CDATA[Сводный отчет о текущих кредитах, сгруппированный по кредитным специалистам, кредитным продуктам и т.д.]]></description>
        <param name="date" label="На" type="date" default="today"/>
        <param name="disbursed_in" label="Выдачи в" type="query" hideIfRows="2"><![CDATA[
            SELECT 0, N'Все валюты'
            UNION ALL
            SELECT id, name
            FROM dbo.Currencies
            ]]>
        </param>
        <param name="display_in" label="Показывать в" type="query" hideIfRows="1"><![CDATA[SELECT id, name FROM dbo.Currencies]]></param>
        <param name="branch_id" label="Филиал" type="query" hideIfRows="2"><![CDATA[
            SELECT 0, N'Все филиалы'
            UNION ALL
            SELECT DISTINCT id, name
            FROM dbo.Branches b
            INNER JOIN dbo.UsersBranches ub ON ub.branch_id = b.id
            WHERE ub.user_id = {USER_ID}]]>
        </param>
        <param name="subordinate_id" label="Подчинённый" type="query" hideIfRows="2"><![CDATA[
            SELECT 0, N'Все подчинённые'
            UNION ALL
            SELECT id, first_name + ' ' + last_name
            FROM dbo.Users
            WHERE id IN
            (
                SELECT subordinate_id 
                FROM dbo.UsersSubordinates
                WHERE user_id = {USER_ID}
            )]]>
        </param>
    </localized>
</report>