﻿<?xml version='1.0' encoding='UTF-8'?>
<label>
  <MAIN_REPORT>
    <Text1>DEDUÇÃO DE EMPRÉSTIMO E FORMA DE DESEMBOLSO</Text1>
    <Text2>Preparado por Contador</Text2>
    <Text3>Data: _______________________</Text3>
    <Text4>Recomendado por Gerente de Área</Text4>
    <Text5>Data: _______________________</Text5>
    <Text6>Aprovado pelo Gerente da Filial</Text6>
    <Text7>Data: _______________________</Text7>
    <Text8>Vilage presidente do banco</Text8>
    <Text9>Data: _______________________</Text9>
  </MAIN_REPORT>
  <Group>
    <Text2>nome do grupo</Text2>
    <Text3>cidade</Text3>
    <Text4>distrito</Text4>
  </Group>
  <GroupMembers>
    <Text1>
    </Text1>
    <Text7>nome do cliente</Text7>
    <Text8>número de cliente</Text8>
    <Text9>sexo</Text9>
    <Text10>negócio</Text10>
    <Text11>tipo de empréstimo</Text11>
    <Text12>cauções em numerário</Text12>
    <Text13>montante do empréstimo</Text13>
    <Text2>Dedução Total</Text2>
    <Text3>Dedução%</Text3>
    <Text4>Taxa de processamento</Text4>
    <Text14>Valor a ser deduzido</Text14>
    <Text16>Taxa de processamento</Text16>
    <Text17>Dedução Total</Text17>
    <Text18>cauções em numerário</Text18>
    <Text21>Montante a desembolsar</Text21>
    <Text22>assinatura</Text22>
    <Text5>
    </Text5>
    <Text6>
    </Text6>
    <Text15>
    </Text15>
    <Text19>
    </Text19>
    <Text23>____________</Text23>
  </GroupMembers>
</label>