﻿<?xml version='1.0' encoding='UTF-8'?>
<label>
  <MAIN_REPORT>
    <fn_Title>"График погашений для " + {Rep_Repayment_Schedule_Info.contract_code}</fn_Title>
    <Text9>Имя клиента:</Text9>
    <Text10>Код контракта:</Text10>
    <Text11>Кредитный специалист:</Text11>
    <Text12>Сумма:</Text12>
    <Text13>Комиссия:</Text13>
    <Text14>Кол-во погашений:</Text14>
    <Text15>Дата выдачи денег:</Text15>
    <Text1>ID Клиента:</Text1>
  </MAIN_REPORT>
  <RepaymentSchedule.rpt>
    <Text17>КП</Text17>
    <Text15>Всего</Text15>
    <Text13>Процент</Text13>
    <Text11>Основная сумма</Text11>
    <Text9>Дата</Text9>
    <Text7>#</Text7>
  </RepaymentSchedule.rpt>
</label>