<?xml version="1.0" encoding="utf-8"?>
<report order="0" attachmentPoint="LoanDetails" visibility="All">
    <title>Schedule Repayment</title>
    <description><![CDATA[Schedule for Sheriktesh.]]></description>
	<param name="contract_id" label="Contract ID" type="int"/>
    
	<localized lang="ru-RU">
		<title>График погашения</title>
		<description><![CDATA[График погашения.]]></description>
		<param name="contract_id" label="Contract ID" type="int"/>
	</localized>
	
	</report>
