﻿<?xml version='1.0' encoding='UTF-8'?>
<label>
  <MAIN_REPORT>
    <fn_footer>"Выдачи по видам деятельности • " + CStr({?start_date}, "dd.MM.yyyy") + " — " + 
CStr({?end_date}, "dd.MM.yyyy") + " • " +
Iif({?disbursed_in_name} = {?display_in_name}, {?disbursed_in_name}, {?disbursed_in_name} + " → " + {?display_in_name}) + " • " +
{?USER_NAME} + " • " + {?BRANCH_NAME}</fn_footer>
    <fn_subtotal>"Итого — " + {Rep_Disbursements_per_Activity.activity}</fn_subtotal>
    <Text16>Выдачи по видам деятельности</Text16>
    <Text4>Сумма</Text4>
    <Text5>Выдан</Text5>
    <Text6>Кред. спец.</Text6>
    <Text3>Комиссия</Text3>
    <Text2>Код контракта</Text2>
    <Text10>Район</Text10>
    <Text9>Кред. продукт</Text9>
    <Text8>Клиент</Text8>
    <Text7>Цикл</Text7>
    <Text11>Процент</Text11>
    <Text1>ИТОГО</Text1>
  </MAIN_REPORT>
</label>