﻿<?xml version='1.0' encoding='UTF-8'?>
<label>
  <MAIN_REPORT>
    <fn_footer>"Desembolsos por atividade • " + CStr({?start_date}, "dd.MM.yyyy") + " — " + 
CStr({?end_date}, "dd.MM.yyyy") + " • " +
Iif({?disbursed_in_name} = {?display_in_name}, {?disbursed_in_name}, {?disbursed_in_name} + " → " + {?display_in_name}) + " • " +
{?USER_NAME} + " • " + {?BRANCH_NAME}</fn_footer>
    <fn_subtotal>"Subtotal — " + {Rep_Disbursements_per_Activity.activity}</fn_subtotal>
    <Text16>Desembolsos por atividade</Text16>
    <Text4>quantidade</Text4>
    <Text5>data</Text5>
    <Text6>oficial de empréstimo</Text6>
    <Text3>honorários</Text3>
    <Text2>código dos Contratos</Text2>
    <Text10>distrito</Text10>
    <Text9>produto de empréstimo</Text9>
    <Text8>cliente</Text8>
    <Text7>ciclo</Text7>
    <Text11>interesse</Text11>
    <Text1>TOTAL</Text1>
  </MAIN_REPORT>
</label>