﻿<?xml version="1.0" encoding="utf-8"?>
<report order="5">
    <title>Disbursements per activity</title>
	<description><![CDATA[Detailed report on loans disbursed within a period; grouped by activity.]]></description>
    <param name="start_date" label="From" type="date"/>
	<param name="end_date" label="To" type="date"/>
    <param name="disbursed_in" label="Disbursed in" type="query" hideIfRows="2"><![CDATA[SELECT 0, 'All currencies' UNION ALL SELECT id, name FROM dbo.Currencies]]></param>
    <param name="display_in" label="Display in" type="query" hideIfRows="1"><![CDATA[SELECT id, name FROM dbo.Currencies]]></param>
	<param name="subordinate_id" label="Subordinate" type="query"><![CDATA[
		SELECT 0, 'All subordinates'

		UNION ALL

		SELECT id, first_name + ' ' + last_name
		FROM dbo.Users
		WHERE id = {USER_ID}

		UNION ALL

		SELECT id, first_name + ' ' + last_name
		FROM dbo.Users
		WHERE id IN
		(
			SELECT subordinate_id 
			FROM dbo.UsersSubordinates
			WHERE user_id = {USER_ID}
		)]]>
		</param>

    <localized lang="ru-RU">
        <title>Выдачи по видам деятельности</title>
        <description><![CDATA[Детальный отчет по выдачам за период, сгруппированный по видам деятельности.]]></description>
        <param name="start_date" label="С" type="date"/>
        <param name="end_date" label="По" type="date"/>
        <param name="disbursed_in" label="Выдачи в" type="query" hideIfRows="2"><![CDATA[SELECT 0, N'Все валюты' UNION ALL SELECT id, name FROM dbo.Currencies]]></param>
        <param name="display_in" label="Показывать в" type="query" hideIfRows="1"><![CDATA[SELECT id, name FROM dbo.Currencies]]></param>
		<param name="subordinate_id" label="Подчинённый" type="query"><![CDATA[
		SELECT 0, N'Все подчинённые'

		UNION ALL

		SELECT id, first_name + ' ' + last_name
		FROM dbo.Users
		WHERE id = {USER_ID}

		UNION ALL

		SELECT id, first_name + ' ' + last_name
		FROM dbo.Users
		WHERE id IN
		(
			SELECT subordinate_id 
			FROM dbo.UsersSubordinates
			WHERE user_id = {USER_ID}
		)]]>
		</param>
    </localized>
	
    <localized lang="fr">
        <title>Déboursements par type d'activité</title>
        <description><![CDATA[Liste des prêts déboursés sur une période, triée par type d'activité économique et par agent de crédit.Nom du client, code contrat, produit de crédit, agent de crédit, principal, intérêts, commissions ]]></description>
        <param name="start_date" label="Date de début" type="date"/>
        <param name="end_date" label="Date de fin" type="date"/>
        <param name="disbursed_in" label="Déboursé en" type="query" hideIfRows="2"><![CDATA[SELECT 0, N'Toutes les devises' UNION ALL SELECT id, name FROM dbo.Currencies]]></param>
        <param name="display_in" label="Affiché en" type="query" hideIfRows="1"><![CDATA[SELECT id, name FROM dbo.Currencies]]></param>
		<param name="subordinate_id" label="Subordinate" type="query"><![CDATA[
		SELECT 0, 'All subordinates'

		UNION ALL

		SELECT id, first_name + ' ' + last_name
		FROM dbo.Users
		WHERE id = {USER_ID}

		UNION ALL

		SELECT id, first_name + ' ' + last_name
		FROM dbo.Users
		WHERE id IN
		(
			SELECT subordinate_id 
			FROM dbo.UsersSubordinates
			WHERE user_id = {USER_ID}
		)]]>
		</param>
    </localized>


 <localized lang="pt">
<title>Desembolsos por atividade</title>
	<description><![CDATA[Relatório detalhado sobre empréstimos desembolsados ​​dentro de um período; agrupados por atividade.]]></description>
    <param name="start_date" label="de" type="date"/>
	<param name="end_date" label="Para" type="date"/>
    <param name="disbursed_in" label="desembolsados ​​em" type="query" hideIfRows="2"><![CDATA[SELECT 0, 'All currencies' UNION ALL SELECT id, name FROM dbo.Currencies]]></param>
    <param name="display_in" label="Exibição em" type="query" hideIfRows="1"><![CDATA[SELECT id, name FROM dbo.Currencies]]></param>
	<param name="subordinate_id" label="subordinar" type="query"><![CDATA[
		SELECT 0, 'All subordinates'

		UNION ALL

		SELECT id, first_name + ' ' + last_name
		FROM dbo.Users
		WHERE id = {USER_ID}

		UNION ALL

		SELECT id, first_name + ' ' + last_name
		FROM dbo.Users
		WHERE id IN
		(
			SELECT subordinate_id 
			FROM dbo.UsersSubordinates
			WHERE user_id = {USER_ID}
		)]]>
		</param>
 </localized>
 
  	<tags>
		<tag><![CDATA[Loans]]></tag>
	</tags>
	
	<localized lang="ru-RU">
		<tags>
			<tag><![CDATA[Кредиты]]></tag>
		</tags>	
	</localized>
	
	<localized lang="fr">
		<tags>
			<tag><![CDATA[Crédit]]></tag>
		</tags>	
	</localized>


</report>
