﻿<?xml version='1.0' encoding='UTF-8'?>
<label>
  <MAIN_REPORT>
    <fn_footer>"Comptabilité générale • " + CStr({?from}, "dd.MM.yyyy") + CStr({?to}, "dd.MM.yyyy") + "—" + " • " + 
Iif({?disbursed_in_name} = {?display_in_name}, {?disbursed_in_name}, 
{?disbursed_in_name} + " → " + {?display_in_name}) + " • " +
{?USER_NAME} + " • " + {?BRANCH_NAME}</fn_footer>
    <fn_openning_balance>"Solde d'ouverture — " + CStr({Rep_Booking_List.opening_balance}, 2)</fn_openning_balance>
    <Text16>Grand livre</Text16>
    <Text2>Transaction #</Text2>
    <Text3>Date</Text3>
    <Text4>Client</Text4>
    <Text6>Description</Text6>
    <Text7>Montant du débit</Text7>
    <Text8>Montant du crédit</Text8>
    <Text9>Solde cumulé</Text9>
    <Text5>Total</Text5>
  </MAIN_REPORT>
</label>