﻿<?xml version="1.0" encoding="utf-8"?>
<report order="0">
	<title>General ledger</title>
	<description><![CDATA[General ledger]]></description>
	<param name="account_id" label="Account number" type="query" hideIfRows="2"><![CDATA[
		SELECT 0, N'All accounts'
		UNION ALL
		SELECT id, account_number NAME
		FROM   dbo.ChartOfAccounts
		WHERE  rgt = lft + 1
	]]></param>
    <param name="from" label="From" type="date" />
	<param name="to" label="To" type="date" />
	<param name="disbursed_in" label="Disbursed in" type="query" hideIfRows="2"><![CDATA[
		SELECT 0, N'All currencies'
		UNION ALL
		SELECT id, name
		FROM dbo.Currencies
	]]></param>
    <param name="display_in" label="Display in" type="query" hideIfRows="1"><![CDATA[SELECT id, name FROM dbo.Currencies]]></param>
	<param name="branch_id" label="Branch" type="query" hideIfRow="2"><![CDATA[
		SELECT 0, 'All branches'
		UNION ALL
		SELECT DISTINCT id, name
		FROM dbo.Branches b
		INNER JOIN dbo.UsersBranches ub ON ub.branch_id = b.id
		WHERE ub.user_id = {USER_ID}
	]]></param>
	
	<localized lang="ru-RU">
		<title>Главная книга</title>
		<description><![CDATA[Главная книга.]]></description>
		<param name="account_id" label="Номер счета" type="query" hideIfRows="2"><![CDATA[
			SELECT 0,N'Все счета'
			UNION ALL
			SELECT id, account_number NAME
			FROM   dbo.ChartOfAccounts
			WHERE  rgt = lft + 1
		]]></param>
		<param name="from" label="Дата с" type="date"/>
		<param name="to" label="Дата по" type="date"/>
		<param name="disbursed_in" label="Выдачи в" type="query" hideIfRows="2"><![CDATA[
			SELECT 0, N'Все валюты'
			UNION ALL
			SELECT id, name
			FROM dbo.Currencies
		]]></param>
		<param name="display_in" label="Показывать в" type="query" hideIfRows="1"><![CDATA[SELECT id, name FROM dbo.Currencies]]></param>
		<param name="branch_id" label="Филиал" type="query" hideIfRow="2"><![CDATA[
			SELECT 0, N'Все филиалы'
			UNION ALL
			SELECT DISTINCT id, name
			FROM dbo.Branches b
			INNER JOIN dbo.UsersBranches ub ON ub.branch_id = b.id
			WHERE ub.user_id = {USER_ID}
		]]></param>	
	</localized>
	
	<localized lang="fr">
		<title>Grand livre</title>
		<description><![CDATA[Grand livre]]></description>
		<param name="account_id" label="Numéro de compte" type="query" hideIfRows="2"><![CDATA[
			SELECT 0,N'Tous les comptes'
			UNION ALL
			SELECT id, account_number NAME
			FROM   dbo.ChartOfAccounts
			WHERE  rgt = lft + 1
		]]></param>
		<param name="from" label="Date de début" type="date"/>
		<param name="to" label="Date de fin" type="date"/>
		<param name="disbursed_in" label="desembolsados ​​em" type="query" hideIfRows="2"><![CDATA[
			SELECT 0, N'Toutes les devises'
			UNION ALL
			SELECT id, name
			FROM dbo.Currencies
		]]></param>
		<param name="display_in" label="Exibição em" type="query" hideIfRows="1"><![CDATA[SELECT id, name FROM dbo.Currencies]]></param>
		<param name="branch_id" label="Branche" type="query" hideIfRow="2"><![CDATA[
			SELECT 0, 'Toutes les branches'
			UNION ALL
			SELECT DISTINCT id, name
			FROM dbo.Branches b
			INNER JOIN dbo.UsersBranches ub ON ub.branch_id = b.id
			WHERE ub.user_id = {USER_ID}
		]]></param>
	</localized>
	
	<tags>
		<tag><![CDATA[Accounting]]></tag>
	</tags>
	
	<localized lang="ru-RU">
		<tags>
			<tag><![CDATA[Бухгалтерия]]></tag>
		</tags>	
	</localized>
	
	<localized lang="fr">
		<tags>
			<tag><![CDATA[Comptabilité]]></tag>
		</tags>	
	</localized>
</report>
