﻿<?xml version='1.0' encoding='UTF-8'?>
<label>
  <MAIN_REPORT>
    <fn_footer>"Выдачи и выплаты • " + CStr({?@beginDate}, "dd.MM.yyyy") + " — " + CStr({?@endDate}, "dd.MM.yyyy") + " • " + 
Iif({?disbursed_in_name} = {?display_in_name}, {?disbursed_in_name}, {?disbursed_in_name} + " → " + {?display_in_name}) + " • " +
{?USER_NAME} + " • " + {?BRANCH_NAME}</fn_footer>
    <Text3>Выдачи и выплаты</Text3>
  </MAIN_REPORT>
  <ByBranch.rpt>
    <Text22>Предоплата</Text22>
    <Text21>Просрочка</Text21>
    <Text7>План</Text7>
    <Text6>Фактически</Text6>
    <Text1>Филиал</Text1>
    <Text4>Выплаты процентов</Text4>
    <Text10>Выплаты основной суммы</Text10>
    <Text8>Выдачи</Text8>
    <Text36>Рост портфеля</Text36>
    <Text37>Выплаты процентов</Text37>
    <Text38>Выплаты основной суммы</Text38>
    <Text39>Выдачи</Text39>
    <Text40>ИТОГО</Text40>
    <Text41>ПРЕДОПЛАТА</Text41>
    <Text42>ПРОСРОЧКА</Text42>
    <Text43>ПЛАН</Text43>
    <Text44>ФАКТИЧЕСКИ</Text44>
  </ByBranch.rpt>
  <ByDistrict.rpt>
    <Text7>План</Text7>
    <Text6>Фактически</Text6>
    <Text22>Предоплата</Text22>
    <Text21>Просрочка</Text21>
    <Text1>Район</Text1>
    <Text8>Выдачи</Text8>
    <Text10>Выплаты основной суммы</Text10>
    <Text4>Выплаты процентов</Text4>
    <Text40>ИТОГО</Text40>
    <Text36>Рост портфеля</Text36>
    <Text37>Выплаты процентов</Text37>
    <Text38>Выплаты основной суммы</Text38>
    <Text39>Выдачи</Text39>
    <Text41>ПРЕДОПЛАТА</Text41>
    <Text42>ПРОСРОЧКА</Text42>
    <Text43>ПЛАН</Text43>
    <Text44>ФАКТИЧЕСКИ</Text44>
  </ByDistrict.rpt>
  <ByLoanOfficer>
    <Text7>План</Text7>
    <Text6>Фактически</Text6>
    <Text22>Предоплата</Text22>
    <Text21>Просрочка</Text21>
    <Text1>Кредитный специалист</Text1>
    <Text8>Выдачи</Text8>
    <Text10>Выплаты основной суммы</Text10>
    <Text4>Выплаты процентов</Text4>
    <Text40>ИТОГО</Text40>
    <Text36>Рост портфеля</Text36>
    <Text37>Выплаты процентов</Text37>
    <Text38>Выплаты основной суммы</Text38>
    <Text39>Выдачи</Text39>
    <Text41>ПРЕДОПЛАТА</Text41>
    <Text42>ПРОСРОЧКА</Text42>
    <Text43>ПЛАН</Text43>
    <Text44>ФАКТИЧЕСКИ</Text44>
  </ByLoanOfficer>
  <ByProduct.rpt>
    <Text7>План</Text7>
    <Text6>Фактически</Text6>
    <Text22>Предоплата</Text22>
    <Text21>Просрочка</Text21>
    <Text1>Кредитный продукт</Text1>
    <Text8>Выдачи</Text8>
    <Text10>Выплаты основной суммы</Text10>
    <Text4>Выплаты процентов</Text4>
    <Text40>ИТОГО</Text40>
    <Text36>Рост портфеля</Text36>
    <Text37>Выплаты процентов</Text37>
    <Text38>Выплаты основной суммы</Text38>
    <Text39>Выдачи</Text39>
    <Text41>ПРЕДОПЛАТА</Text41>
    <Text42>ПРОСРОЧКА</Text42>
    <Text43>ПЛАН</Text43>
    <Text44>ФАКТИЧЕСКИ</Text44>
  </ByProduct.rpt>
</label>