﻿<?xml version="1.0" encoding="utf-8"?>
<report order="240">
    <title>Residual Maturity</title>
    <description><![CDATA[Aggregated statistics about the residual maturity of the active loans.]]></description>
    <param name="date" label="Date" type="date"/>
    <param name="disbursed_in" label="Disbursed in" type="query" hideIfRows="2"><![CDATA[SELECT 0, 'All currencies' UNION ALL SELECT id, name FROM dbo.Currencies]]></param>
    <param name="display_in" label="Display in" type="query" hideIfRows="1"><![CDATA[SELECT id, name FROM dbo.Currencies]]></param>

    <localized lang="ru-RU">
    <title>Погашения по срокам</title>
    <description><![CDATA[Сводный отчет по ожидаемым погашениям кредитов, сгруппированный по срокам.]]></description>
    <param name="date" label="Начиная с" type="date"/>
    <param name="disbursed_in" label="Выдачи в" type="query" hideIfRows="2"><![CDATA[SELECT 0, N'Все валюты' UNION ALL SELECT id, name FROM dbo.Currencies]]></param>
    <param name="display_in" label="Показывать в" type="query" hideIfRows="1"><![CDATA[SELECT id, name FROM dbo.Currencies]]></param>
    </localized>

    <localized lang="fr">
    <title>Maturité résiduelle</title>
    <description><![CDATA[Statistiques aggrégées sur la maturité résiduelle des prêts actifs]]></description>
    <param name="date" label="Date" type="date"/>
    <param name="disbursed_in" label="Déboursés en" type="query" hideIfRows="2"><![CDATA[SELECT 0, 'All currencies' UNION ALL SELECT id, name FROM dbo.Currencies]]></param>
    <param name="display_in" label="Affichés en" type="query" hideIfRows="1"><![CDATA[SELECT id, name FROM dbo.Currencies]]></param>
    </localized>

 <localized lang="pt">
  <title>prazo de vencimento residual</title>
    <description><![CDATA[Estatísticas agregadas sobre a maturidade residual dos empréstimos ativos.]]></description>
    <param name="date" label="data" type="date"/>
    <param name="disbursed_in" label="desembolsados ​​em" type="query" hideIfRows="2"><![CDATA[SELECT 0, 'All currencies' UNION ALL SELECT id, name FROM dbo.Currencies]]></param>
    <param name="display_in" label="Exibição em" type="query" hideIfRows="1"><![CDATA[SELECT id, name FROM dbo.Currencies]]></param>
 </localized>
 
  	<tags>
		<tag><![CDATA[Loans]]></tag>
	</tags>
	
	<localized lang="ru-RU">
		<tags>
			<tag><![CDATA[Кредиты]]></tag>
		</tags>	
	</localized>
	
	<localized lang="fr">
		<tags>
			<tag><![CDATA[Crédit]]></tag>
		</tags>	
	</localized>

</report>
