﻿<?xml version='1.0' encoding='UTF-8'?>
<label>
  <MAIN_REPORT>
    <fn_title>"Реструктурированные кредиты"</fn_title>
    <Text11>Клиент</Text11>
    <Text10>Код контракта</Text10>
    <Text13>Кредитный продукт</Text13>
    <Text14>Сумма</Text14>
    <Text15>Рестр. сумма</Text15>
    <Text17>Срок</Text17>
    <Text18>Дата рестр.</Text18>
    <Text12>Кред. спец.</Text12>
	<Text19>КП</Text19>
	<Text2>Филиал</Text2>
	<Text1>Рестр. сумма/КП:</Text1>
	<Text9>ИТОГО</Text9>
  </MAIN_REPORT>
</label>
