﻿<?xml version='1.0' encoding='UTF-8'?>
<label>
  <MAIN_REPORT>
    <fn_title>"РППУ"</fn_title>
    <fn_category>If {Rep_LoanLossProvision.categorie} = "Rescheduled" Then
    "Реструктурированные"
Else
    {Rep_LoanLossProvision.categorie}</fn_category>
    <Text3>Резерв, %</Text3>
    <Text4>КП на начало</Text4>
    <Text5>КП на конец</Text5>
    <Text6>Резерв на начало</Text6>
    <Text7>Резерв на конец</Text7>
    <Text8>Разница</Text8>
    <Text1>Категория</Text1>
    <Text2>Итого</Text2>
  </MAIN_REPORT>
</label>