﻿<?xml version="1.0" encoding="utf-8"?>
<report order="180">
    <title>Loan Loss Provision</title>
    <description><![CDATA[This report shows evolution of loan loss provision.]]></description>
    <param name="date_from" label="From" type="date" default="bom"/>
    <param name="date_to" label="To" type="date" default="eom"/>
	<param name="disbursed_in" label="Disbursed in" type="query" hideIfRows="2"><![CDATA[SELECT 0, 'All currencies' UNION ALL SELECT id, name FROM dbo.Currencies]]></param>
    <param name="display_in" label="Display in" type="query" hideIfRows="1"><![CDATA[SELECT id, name FROM dbo.Currencies]]></param>
    
    <localized lang="ru-RU">
        <title>РППУ</title>
        <description><![CDATA[Данный отчет показывает разницу резерва потенциальных потерь и убытков (РППУ) между двумя датами.]]></description>
        <param name="date_from" label="С" type="date" default="bom"/>
        <param name="date_to" label="По" type="date" default="eom"/>
		<param name="disbursed_in" label="Выдачи в" type="query" hideIfRows="2"><![CDATA[SELECT 0, N'Все валюты' UNION ALL SELECT id, name FROM dbo.Currencies]]></param>
        <param name="display_in" label="Показывать в" type="query" hideIfRows="1"><![CDATA[SELECT id, name FROM dbo.Currencies]]></param>
    </localized>

    <localized lang="fr">
        <title>Provisions pour créances douteuses</title>
        <description><![CDATA[Ce rapport affiche l'évolution de la provision sur créances douteuses.]]></description>
        <param name="date_from" label="Date de debut" type="date" default="bom"/>
        <param name="date_to" label="Date de fin" type="date" default="eom"/>
		<param name="disbursed_in" label="Déboursé en" type="query" hideIfRows="2"><![CDATA[SELECT 0, N'Toutes les devises' UNION ALL SELECT id, name FROM dbo.Currencies]]></param>
        <param name="display_in" label="Affiché en" type="query" hideIfRows="1"><![CDATA[SELECT id, name FROM dbo.Currencies]]></param>
	</localized>


 <localized lang="pt">
   <title>Provisão para Créditos</title>
    <description><![CDATA[Este relatório mostra a evolução da provisão para perdas de empréstimo.]]></description>
    <param name="date_from" label="de" type="date" default="bom"/>
    <param name="date_to" label="Para" type="date" default="eom"/>
	<param name="disbursed_in" label="desembolsados ​​em" type="query" hideIfRows="2"><![CDATA[SELECT 0, 'All currencies' UNION ALL SELECT id, name FROM dbo.Currencies]]></param>
    <param name="display_in" label="Exibição em" type="query" hideIfRows="1"><![CDATA[SELECT id, name FROM dbo.Currencies]]></param>
 </localized>

 	<tags>
		<tag><![CDATA[Loans]]></tag>
	</tags>
	
	<localized lang="ru-RU">
		<tags>
			<tag><![CDATA[Кредиты]]></tag>
		</tags>	
	</localized>
	
	<localized lang="fr">
		<tags>
			<tag><![CDATA[Crédit]]></tag>
		</tags>	
	</localized>
</report>
