﻿<?xml version='1.0' encoding='UTF-8'?>
<label>
  <MAIN_REPORT>
    <fn_footer>"Rapport de caisse• " +{?USER_NAME} + " • " + {?BRANCH_NAME}</fn_footer>
    <Text16>Rapport de caisse</Text16>
    <Text1>Date</Text1>
    <Text2>Type</Text2>
    <Text3>Montant</Text3>
    <Text4>Code contrat</Text4>
    <Text5>Nom du client</Text5>
    <Text6>Opérateur</Text6>
    <Text9>Sous-total</Text9>
    <Text8>Nom du guichet   </Text8>
    <Text10>Signature</Text10>
    <Text11>Nom du manager</Text11>
    <Text12>Signature</Text12>
    <Text7>Total</Text7>
  </MAIN_REPORT>
</label>