﻿<?xml version="1.0" encoding="utf-8"?>
<report order="1">
    <title>Cash book</title>
	<description><![CDATA[Detailed report of cash operations.]]></description>
    <param name="startDate" label="Start date" type="date"/>
    <param name="endDate" label="End date" type="date"/>
	
    <localized lang="ru-RU">
    <title>Кассовая книга</title>
	<description><![CDATA[Детальная информация по кассовым операциям.]]></description>
    <param name="startDate" label="С" type="date"/>
    <param name="endDate" label="По" type="date"/>
		
</localized>

    <localized lang="fr">
    <title>Journal de caisse</title>
	<description><![CDATA[Liste des opérations d'épargne et de crédit en cash sur une période donnée. Tri par agent de crédit, nom du client, type de transaction, date, montant et code contrat.]]></description>
    <param name="startDate" label="Date de début" type="date"/>
    <param name="endDate" label="Date de fin" type="date"/>    
		
</localized>


 <localized lang="pt">
    <title>livro caixa</title>
	<description><![CDATA[Relatório detalhado de operações de tesouraria.]]></description>
    <param name="startDate" label="data de início" type="date"/>
    <param name="endDate" label="data de término" type="date"/>
 </localized>

   	<tags>
		<tag><![CDATA[Accounting]]></tag>
	</tags>
	
	<localized lang="ru-RU">
		<tags>
			<tag><![CDATA[Бухгалтерия]]></tag>
		</tags>	
	</localized>
	
	<localized lang="fr">
		<tags>
			<tag><![CDATA[Comptabilité]]></tag>
		</tags>	
	</localized>

</report>
