﻿<?xml version="1.0" encoding="utf-8"?>
<report order="140">
    <title>Active Savings</title>
    <description><![CDATA[Aggregate information about active savings]]></description>
	<param name="roles" label="" type="role" default="SUPER,CASHI,LOF,VISIT,ADMIN"/>
    <param name="pDate" label="Date" type="date"/>
	<param name="disbursed_in" label="Deposited in" type="query" hideIfRows="2"><![CDATA[SELECT 0, 'ALL' UNION ALL SELECT id, name FROM dbo.Currencies]]></param>
    <param name="display_in" label="Display in" type="query" hideIfRows="1"><![CDATA[SELECT id, name FROM dbo.Currencies]]></param>

    <localized lang="ru-RU">
        <title>Текущие сбережения</title>
        <description><![CDATA[Сводный отчет по текущим сберегательным счетам.]]></description>
    <param name="pDate" label="На" type="date"/>
	<param name="disbursed_in" label="Валюта" type="query" hideIfRows="2"><![CDATA[SELECT 0, N'Все валюты' UNION ALL SELECT id, name FROM dbo.Currencies]]></param>
    <param name="display_in" label="Отобразить в" type="query" hideIfRows="1"><![CDATA[SELECT id, name FROM dbo.Currencies]]></param>
    </localized>

	 <localized lang="fr">
        <title>Epargne active</title>
        <description><![CDATA[Statistiques sur les contrats d'épargne actifs. Filtre par produit, activité et localité. Nombre de contrats et montants. ]]></description>
    <param name="pDate" label="A la date du" type="date"/>
	<param name="disbursed_in" label="Dépôt en" type="query" hideIfRows="2"><![CDATA[SELECT 0, 'ALL' UNION ALL SELECT id, name FROM dbo.Currencies]]></param>
    <param name="display_in" label="Affichage en" type="query" hideIfRows="1"><![CDATA[SELECT id, name FROM dbo.Currencies]]></param>
    </localized>


 <localized lang="pt">
   <title>poupança ativos</title>
    <description><![CDATA[Informações agregadas sobre poupança ativos]]></description>
    <param name="pDate" label="Data" type="date"/>
	<param name="disbursed_in" label="depositado em" type="query" hideIfRows="2"><![CDATA[SELECT 0, 'ALL' UNION ALL SELECT id, name FROM dbo.Currencies]]></param>
    <param name="display_in" label="Exibição em" type="query" hideIfRows="1"><![CDATA[SELECT id, name FROM dbo.Currencies]]></param>
 </localized>

  	<tags>
		<tag><![CDATA[Savings]]></tag>
	</tags>
	
	<localized lang="ru-RU">
		<tags>
			<tag><![CDATA[Депозиты]]></tag>
		</tags>	
	</localized>
	
	<localized lang="fr">
		<tags>
			<tag><![CDATA[Epargne]]></tag>
		</tags>	
	</localized>

</report>
