﻿<?xml version="1.0" encoding="utf-8"?>
<report order="91">
    <title>Обороты за период</title>
	<description><![CDATA[Detailed information about active loans.]]></description>
    <param name="from" label="С" type="date"/>
	<param name="to" label="По" type="date"/>
	<param name="disbursed_in" label="Disbursed in" type="query" hideIfRows="2"><![CDATA[SELECT 0, 'All currencies' UNION ALL SELECT id, name FROM dbo.Currencies]]></param>
    <param name="display_in" label="Display in" type="query" hideIfRows="1"><![CDATA[SELECT id, name FROM dbo.Currencies]]></param>
	<param name="branch_id" label="Branch" type="query" hideIfRows="2"><![CDATA[
			SELECT 0, 'All branches'
			UNION ALL
			SELECT DISTINCT id, name
			FROM dbo.Branches b
			INNER JOIN dbo.UsersBranches ub ON ub.branch_id = b.id
			WHERE ub.user_id = {USER_ID}
	]]></param>
    
	<localized lang="ru-RU">
        <title>Обороты за период</title>
        <description><![CDATA[Обороты за период.]]></description>
        <param name="from" label="С" type="date"/>
		<param name="to" label="По" type="date"/>
		<param name="disbursed_in" label="Выдачи в" type="query" hideIfRows="2"><![CDATA[SELECT 0, N'Все валюты' UNION ALL SELECT id, name FROM dbo.Currencies]]></param>
        <param name="display_in" label="Показывать в" type="query" hideIfRows="1"><![CDATA[SELECT id, name FROM dbo.Currencies]]></param>
		<param name="branch_id" label="Филиал" type="query" hideIfRows="2"><![CDATA[
			SELECT 0, N'Все филиалы'
			UNION ALL
			SELECT DISTINCT id, name
			FROM dbo.Branches b
			INNER JOIN dbo.UsersBranches ub ON ub.branch_id = b.id
			WHERE ub.user_id = {USER_ID}]]>
		</param>
    </localized>

    <tags>
		<tag><![CDATA[Clients]]></tag>
	</tags>
	
	<localized lang="ru-RU">
		<tags>
			<tag><![CDATA[Клиенты]]></tag>
		</tags>	
	</localized>
		
</report>
