﻿<?xml version="1.0" encoding="utf-8"?>
<report order="8">
    <title>Active loans</title>
    <description><![CDATA[Aggregate report on active loans and OLB grouped by product, activity, district, loan officer, etc.]]></description>
    <param name="date" label="As of" type="date"/>
	<param name="disbursed_in" label="Disbursed in" type="query" hideIfRows="2"><![CDATA[
		
		SELECT 0, 'All currencies'
		UNION ALL
		SELECT id, name
		FROM dbo.Currencies
		
	]]></param>
    <param name="display_in" label="Display in" type="query" hideIfRows="1"><![CDATA[SELECT id, name FROM dbo.Currencies]]></param>
	<param name="branch_id" label="Branch" type="query" multiselect="yes"><![CDATA[
		
			SELECT DISTINCT id, name
			FROM dbo.Branches b
			INNER JOIN dbo.UsersBranches ub ON ub.branch_id = b.id
			WHERE ub.user_id = {USER_ID}
		
	]]></param>
	<param name="subordinate_id" label="Subordinate" type="query" hideIfRows="2"><![CDATA[
		

		DECLARE @users TABLE (id INT NOT NULL, name NVARCHAR(100))

		INSERT INTO @users
		SELECT 0, 'All subordinates'

		INSERT INTO @users
		SELECT id, first_name + ' ' + last_name
		FROM dbo.Users
		WHERE id = {USER_ID}

		
			INSERT INTO @users
			SELECT id, first_name + ' ' + last_name
			FROM dbo.Users
			WHERE id IN
			(
				SELECT subordinate_id 
				FROM dbo.UsersSubordinates
				WHERE user_id = {USER_ID}
			)
		

		SELECT * FROM @users
	]]></param>

	
    <localized lang="ru-RU">
        <title>Текущие кредиты (2)</title>
        <description><![CDATA[Сводный отчет о текущих кредитах, сгруппированный по кредитным специалистам, кредитным продуктам и т.д.]]></description>
        <param name="date" label="На" type="date" default="today"/>
        <param name="disbursed_in" label="Выдачи в" type="query" hideIfRows="2"><![CDATA[
		

		SELECT 0, N'Все валюты'
		UNION ALL
		SELECT id, name
		FROM dbo.Currencies
	
		]]></param>
        <param name="display_in" label="Показывать в" type="query" hideIfRows="1"><![CDATA[SELECT id, name FROM dbo.Currencies]]></param>
		<param name="branch_id" label="Филиал" type="query" multiselect="yes"><![CDATA[
		
			SELECT DISTINCT id, name
			FROM dbo.Branches b
			INNER JOIN dbo.UsersBranches ub ON ub.branch_id = b.id
			WHERE ub.user_id = {USER_ID}
		
	]]></param>
	<param name="subordinate_id" label="Подчинённый" type="query" hideIfRows="2"><![CDATA[
		

		DECLARE @users TABLE (id INT NOT NULL, name NVARCHAR(100))

		INSERT INTO @users
		SELECT 0, N'Все подчинённые'

		INSERT INTO @users
		SELECT id, first_name + ' ' + last_name
		FROM dbo.Users
		WHERE id = {USER_ID}

		
			INSERT INTO @users
			SELECT id, first_name + ' ' + last_name
			FROM dbo.Users
			WHERE id IN
			(
				SELECT subordinate_id 
				FROM dbo.UsersSubordinates
				WHERE user_id = {USER_ID}
			)
		

		SELECT * FROM @users
	]]></param>
    </localized>

	
    <localized lang="fr">
        <title>Prêts actifs</title>
        <description><![CDATA[Statistiques sur les prêts actifs et l'encours de crédit. Données filtrées par type de produit, activité, localité, agent de crédit, montant du crédit.]]></description>
        <param name="date" label="A la date du" type="date" default="today"/>
		
        <param name="disbursed_in" label="Décaissé en" type="query" hideIfRows="2"><![CDATA[
		

		SELECT 0, 'Toutes les devises'
		UNION ALL
		SELECT id, name
		FROM dbo.Currencies
	 
		]]></param>
        <param name="display_in" label="Affiché en" type="query" hideIfRows="1"><![CDATA[SELECT id, name FROM dbo.Currencies]]></param>
		
		<param name="branch_id" label="Branch" type="query" multiselect="yes"><![CDATA[
		
			SELECT DISTINCT id, name
			FROM dbo.Branches b
			INNER JOIN dbo.UsersBranches ub ON ub.branch_id = b.id
			WHERE ub.user_id = {USER_ID}
		
	]]></param>
	<param name="subordinate_id" label="Subordonné" type="query" hideIfRows="2"><![CDATA[
		

		DECLARE @users TABLE (id INT NOT NULL, name NVARCHAR(100))

		INSERT INTO @users
		SELECT 0, N'Tous les subordonnés'

		INSERT INTO @users
		SELECT id, first_name + ' ' + last_name
		FROM dbo.Users
		WHERE id = {USER_ID}

		
			INSERT INTO @users
			SELECT id, first_name + ' ' + last_name
			FROM dbo.Users
			WHERE id IN
			(
				SELECT subordinate_id 
				FROM dbo.UsersSubordinates
				WHERE user_id = {USER_ID}
			)
		

		SELECT * FROM @users
	]]></param>
    </localized>


 <localized lang="pt">
<title>empréstimos ativos</title>
    <description><![CDATA[Relatório agregado sobre os empréstimos ativos e OLB agrupados por produto, atividade, bairro, oficial de empréstimo, etc]]></description>
    <param name="date" label="A partir de" type="date"/>
	<param name="disbursed_in" label="desembolsados ​​em" type="query" hideIfRows="2"><![CDATA[
		

		SELECT 0, 'All currencies'
		UNION ALL
		SELECT id, name
		FROM dbo.Currencies
	 
	]]></param>
    <param name="display_in" label="Exibição em" type="query" hideIfRows="1"><![CDATA[SELECT id, name FROM dbo.Currencies]]></param>
	<param name="branch_id" label="braço" type="query" multiselect="yes"><![CDATA[
		
			SELECT DISTINCT id, name
			FROM dbo.Branches b
			INNER JOIN dbo.UsersBranches ub ON ub.branch_id = b.id
			WHERE ub.user_id = {USER_ID}
		
	]]></param>
	<param name="subordinate_id" label="subordinar" type="query" hideIfRows="2"><![CDATA[
		

		DECLARE @users TABLE (id INT NOT NULL, name NVARCHAR(100))

		INSERT INTO @users
		SELECT 0, 'All subordinates'

		INSERT INTO @users
		SELECT id, first_name + ' ' + last_name
		FROM dbo.Users
		WHERE id = {USER_ID}

		
			INSERT INTO @users
			SELECT id, first_name + ' ' + last_name
			FROM dbo.Users
			WHERE id IN
			(
				SELECT subordinate_id 
				FROM dbo.UsersSubordinates
				WHERE user_id = {USER_ID}
			)
		

		SELECT * FROM @users
	]]></param>
 </localized>
 
  	<tags>
      <tag>Main</tag>
		<tag><![CDATA[Loans]]></tag>
	</tags>
	
	<localized lang="ru-RU">
		<tags>
      <tag>Main</tag>
			<tag><![CDATA[Кредиты]]></tag>
		</tags>	
	</localized>
	
	<localized lang="fr">
		<tags>
      <tag>Main</tag>
			<tag><![CDATA[Crédit]]></tag>
		</tags>	
	</localized>

  <localized lang="es-ES">
    <tags>
      <tag>Main</tag>
      <tag><![CDATA[Crédito]]></tag>
    </tags>
  </localized>

  <localized lang="pt">
    <tags>
      <tag>Main</tag>
      <tag><![CDATA[Crédito]]></tag>
    </tags>
  </localized>

	
</report>
