﻿<?xml version='1.0' encoding='UTF-8'?>
<label>
  <MAIN_REPORT>
    <fn_title>"Estatísticas do cliente e do empréstimo"</fn_title>
    <Text4>Análise de Gênero:</Text4>
    <Text12>Análise de Maturidade:</Text12>
    <Text2>Análise de Carência:</Text2>
    <Text3>Análise do tamanho do empréstimo:</Text3>
    <Text5>Setor de Análise de Atividade:</Text5>
    <Text6>Análise Distrito:</Text6>
    <Text7>Análise de Crédito Tamanho por Escala empréstimo:</Text7>
  </MAIN_REPORT>
  <District>
    <Text6> OLB</Text6>
    <Text5>Clientes%</Text5>
    <Text4># Contratos</Text4>
    <Text3># Clientes</Text3>
    <Text9>distrito</Text9>
    <Text1>TOTAL</Text1>
  </District>
  <LoanActivity>
    <Text5> OLB</Text5>
    <Text3>Clientes%</Text3>
    <Text2># Clientes</Text2>
    <Text4>Atividade cliente</Text4>
    <Text1>TOTAL</Text1>
  </LoanActivity>
  <LoanGender>
    <Text9>sexo</Text9>
    <Text12> OLB</Text12>
    <Text11>Clientes% por sexo</Text11>
    <Text10># Clientes</Text10>
    <Text4>TOTAL</Text4>
  </LoanGender>
  <LoanGrace>
    <Text3> OLB 
OLB
</Text3>
    <Text2>Contratos%</Text2>
    <Text1># Contratos</Text1>
    <Text9>prazo de carência</Text9>
    <Text11>mês</Text11>
    <Text10>TOTAL</Text10>
  </LoanGrace>
  <LoanMaturity>
    <Text14># Dias</Text14>
    <Text15># Meses</Text15>
    <Text16>prestação</Text16>
    <Text17># Clientes</Text17>
    <Text18># Contratos</Text18>
    <Text13> Maturity</Text13>
    <Text3> OLB</Text3>
    <Text10>TOTAL</Text10>
  </LoanMaturity>
  <LoanPerLoanScale>
    <Text14> OLB</Text14>
    <Text13>Clientes%</Text13>
    <Text4>MIN</Text4>
    <Text2>MAX</Text2>
    <Text9>Escala de empréstimos</Text9>
    <Text10># Clientes</Text10>
    <Text11># Contratos</Text11>
    <Text3>TOTAL</Text3>
  </LoanPerLoanScale>
  <LoanSize>
    <Text5> OLB </Text5>
    <Text4> %Clients</Text4>
    <Text3># Contratos</Text3>
    <Text2># Clientes</Text2>
    <Text9>o tamanho do empréstimo</Text9>
    <Text1>TOTAL</Text1>
  </LoanSize>
</label>
