﻿<?xml version='1.0' encoding='UTF-8'?>
<label>
  <MAIN_REPORT>
    <fn_title>"Статистика по клиентам и займам"</fn_title>
    <Text4>Гендерный анализ</Text4>
    <Text12>Анализ по длительности займа</Text12>
    <Text2>Анализ по льготному периоду</Text2>
    <Text3>Анализ по размеру займа</Text3>
    <Text5>Анализ по сфере деятельности</Text5>
    <Text6>Анализ по районам</Text6>
    <Text7>Анализ по масштабу</Text7>
    <Text1>Статистика по клиентам и займам</Text1>
  </MAIN_REPORT>
  <District>
    <Text7> % КП</Text7>
    <Text6>Кп в валюте</Text6>
    <Text5> % Клиентов</Text5>
    <Text4> # Контрактов</Text4>
    <Text3> # Клиентов</Text3>
    <Text9>Район</Text9>
    <Text2>КП в нац валюте</Text2>
    <Text1>ИТОГО</Text1>
  </District>
  <LoanActivity>
    <Text6> % КП</Text6>
    <Text5>КП в валюте</Text5>
    <Text3> % Клиентов</Text3>
    <Text2># Клиентов</Text2>
    <Text4>Деятельность</Text4>
    <Text7>КП в нац. валюте</Text7>
    <Text9>ИТОГО</Text9>
    <Text1>ИТОГО</Text1>
  </LoanActivity>
  <LoanGender>
    <Text9>Пол</Text9>
    <Text13> % КП</Text13>
    <Text12>КП в валюте</Text12>
    <Text11> % по полу</Text11>
    <Text10># Клиентов</Text10>
    <Text6>КП в нац. валюте</Text6>
    <Text2>Обменный курс</Text2>
    <Text4>ИТОГО</Text4>
    <Text1>ИТОГО</Text1>
  </LoanGender>
  <LoanGrace>
    <Text4> % КП</Text4>
    <Text3>КП в валюте</Text3>
    <Text2> % Контрактов</Text2>
    <Text1> # Контрактов</Text1>
    <Text9>Льготный период</Text9>
    <Text5>КП в нац. валюте</Text5>
    <Text11>Месяцев</Text11>
    <Text10>ИТОГО</Text10>
  </LoanGrace>
  <LoanMaturity>
    <Text14> # Дней</Text14>
    <Text15> # Месяцев</Text15>
    <Text16>Платежей</Text16>
    <Text17> # Клиентов</Text17>
    <Text18> # Контрактов</Text18>
    <Text13>Длительность</Text13>
    <Text21> % КП</Text21>
    <Text3>КП в валюте</Text3>
    <Text4> %</Text4>
    <Text1>КП в нац. валюте</Text1>
    <Text10>ИТОГО</Text10>
  </LoanMaturity>
  <LoanPerLoanScale>
    <Text1> % КП</Text1>
    <Text14>КП в валюте</Text14>
    <Text13> % Клиентов</Text13>
    <Text4>MIN</Text4>
    <Text2>MAX</Text2>
    <Text9>Масштаб</Text9>
    <Text10># Клиентов</Text10>
    <Text11># Контрактов</Text11>
    <Text6>КП в нац. валюте</Text6>
    <Text3>ИТОГО</Text3>
    <Text5>ИТОГО</Text5>
  </LoanPerLoanScale>
  <LoanSize>
    <Text6> % КП</Text6>
    <Text5>КП в валюте</Text5>
    <Text4> % Клиентов</Text4>
    <Text3># Контрактов</Text3>
    <Text2># Клиентов</Text2>
    <Text9>Масштаб</Text9>
    <Text7>КП в нац. валюте</Text7>
    <Text1>ИТОГО</Text1>
  </LoanSize>
</label>
