﻿<?xml version='1.0' encoding='UTF-8'?>
<label>
  <MAIN_REPORT>
    <fn_title>"Statistiques sur les crédits"</fn_title>
    <Text4>Analyse par genre</Text4>
    <Text12>Anlayse de la maturité</Text12>
    <Text2>Analyse de la période de grâce</Text2>
    <Text3>Analyse de la taille du prêt</Text3>
    <Text5>Analyse du secteur d'activité</Text5>
    <Text6>Analyse de la localité</Text6>
    <Text7>Analyse de la taille/échelle du prêt</Text7>
  </MAIN_REPORT>
  <District>
    <Text6>KRD(devise)</Text6>
    <Text5>% Clients</Text5>
    <Text4># Contrats</Text4>
    <Text3># Clients</Text3>
    <Text9>Quartier</Text9>
    <Text1>Total</Text1>
  </District>
  <LoanActivity>
    <Text5>KRD</Text5>
    <Text3>% Clients</Text3>
    <Text2># Contrats</Text2>
    <Text4># Activité du client</Text4>
    <Text1>Total</Text1>
  </LoanActivity>
  <LoanGender>
    <Text9>Genre</Text9>
    <Text12>KRD</Text12>
    <Text11> % par genre</Text11>
    <Text10># Clients</Text10>
    <Text4>Total</Text4>
  </LoanGender>
  <LoanGrace>
    <Text3>KRD</Text3>
    <Text2> % Contrats</Text2>
    <Text1># Contrats</Text1>
    <Text9>Période de grâce</Text9>
    <Text11>Mois</Text11>
    <Text10>Total</Text10>
  </LoanGrace>
  <LoanMaturity>
    <Text14># Jours</Text14>
    <Text15># Mois</Text15>
    <Text16>Echéance</Text16>
    <Text17># Clients</Text17>
    <Text18># Contrats</Text18>
    <Text13>Maturité</Text13>
    <Text3>KRD</Text3>
    <Text10>Total</Text10>
  </LoanMaturity>
  <LoanPerLoanScale>
    <Text14>KRD</Text14>
    <Text13>% Clients</Text13>
    <Text4>Min</Text4>
    <Text2>Max</Text2>
    <Text9>Echelle de prêts</Text9>
    <Text10># Clients</Text10>
    <Text11># Contrats</Text11>
    <Text3>Total</Text3>
  </LoanPerLoanScale>
  <LoanSize>
    <Text5>KRD</Text5>
    <Text4>% Clients</Text4>
    <Text3># Contrats</Text3>
    <Text2># Clients</Text2>
    <Text9>Taille du prêt</Text9>
    <Text1>Total</Text1>
  </LoanSize>
</label>