﻿<?xml version='1.0' encoding='UTF-8'?>
<label>
  <MAIN_REPORT>
    <fn_footer>"empréstimos ativos • " + CStr({?date}, "dd.MM.yyyy") + " • " + 
Iif({?disbursed_in_name} = {?display_in_name}, {?disbursed_in_name}, {?disbursed_in_name} + " → " + {?display_in_name}) + " • " +
{?USER_NAME} + " • " + {?BRANCH_NAME}</fn_footer>
    <Text1>Estatísticas por sexo</Text1>
    <Text2>Reportagem instituição:    ______________________________________</Text2>
    <Text3>Reporting date:             Data de impressão</Text3>
    <Text5>Responsabilidades para com os homens</Text5>
    <Text6>Responsabilidades para com as mulheres</Text6>
    <Text7>Empréstimos no total</Text7>
    <Text8>Número de empréstimos para os homens</Text8>
    <Text9>Número de empréstimos para as mulheres</Text9>
    <Text10>Número total de empréstimos</Text10>
    <Text4>Setor Econômico</Text4>
    <Text11>Total</Text11>
  </MAIN_REPORT>
</label>