﻿<?xml version="1.0" encoding="utf-8"?>
<report order="8">
    <title>Statistics per gender </title>
    <description><![CDATA[OLB and active clients per gender per economic activities.]]></description>
    <param name="date" label="As of" type="date"/>
    <param name="disbursed_in" label="Disbursed in" type="query" hideIfRows="2"><![CDATA[SELECT 0, 'All currencies' UNION ALL SELECT id, name FROM dbo.Currencies]]></param>
    <param name="display_in" label="Display in" type="query" hideIfRows="1"><![CDATA[SELECT id, name FROM dbo.Currencies]]></param>	
	
	<localized lang="ru-RU">
        <title>Статистика по полу</title>
        <description><![CDATA[Портфель и активные займы по полу и по видам деятельности.]]></description>
        <param name="date" label="На" type="date" default="today"/>
        <param name="disbursed_in" label="Выдачи в" type="query" hideIfRows="2"><![CDATA[SELECT 0, N'Все валюты' UNION ALL SELECT id, name FROM dbo.Currencies]]></param>
        <param name="display_in" label="Показывать в" type="query" hideIfRows="1"><![CDATA[SELECT id, name FROM dbo.Currencies]]></param>
    </localized>

	<localized lang="fr">
        <title>Statistiques par genre</title>
        <description><![CDATA[Statistiques sur les crédits par genre et par activité économique. Nombre de crédits et montants des crédits pour chaque catégorie.]]></description>
        <param name="date" label="A la date du" type="date" default="today"/>
        <param name="disbursed_in" label="Décaissé en" type="query" hideIfRows="2"><![CDATA[SELECT 0, N'Toutes les devises' UNION ALL SELECT id, name FROM dbo.Currencies]]></param>
        <param name="display_in" label="Affiché en" type="query" hideIfRows="1"><![CDATA[SELECT id, name FROM dbo.Currencies]]></param>
    </localized>

 <localized lang="pt">
   <title>Estatísticas por sexo</title>
    <description><![CDATA[OLB clientes e ativos por sexo por atividades econômicas.]]></description>
    <param name="date" label="A partir de" type="date"/>
    <param name="disbursed_in" label="desembolsados ​​em" type="query" hideIfRows="2"><![CDATA[SELECT 0, 'All currencies' UNION ALL SELECT id, name FROM dbo.Currencies]]></param>
    <param name="display_in" label="Exibição em" type="query" hideIfRows="1"><![CDATA[SELECT id, name FROM dbo.Currencies]]></param>
 </localized>
 
 	<tags>
		<tag><![CDATA[Clients]]></tag>
	</tags>
	
	<localized lang="ru-RU">
		<tags>
			<tag><![CDATA[Клиенты]]></tag>
		</tags>	
	</localized>
	
	<localized lang="fr">
		<tags>
			<tag><![CDATA[Clients]]></tag>
		</tags>	
	</localized>
	
</report>
