﻿<?xml version='1.0' encoding='UTF-8'?>
<label>
  <MAIN_REPORT>
    <Text4>Качество данных</Text4>
    <Text2>Отчет по качеству данных</Text2>
  </MAIN_REPORT>
  <ContractWithoutLoanOfficer>
    <Text3>Имя клиента</Text3>
    <Text2>Код контракта</Text2>
    <Text4>Контракты с кредитным специалистом</Text4>
    <Text5>Id контракта</Text5>
  </ContractWithoutLoanOfficer>
  <EstablishmentDate>
    <Text1>Id контракта</Text1>
    <Text2>Код контракта</Text2>
    <Text3>Название группы</Text3>
    <Text4>Крелитный специалист</Text4>
    <Text5>Дата</Text5>
    <Text7>Группа без установленной даты</Text7>
  </EstablishmentDate>
  <Eventdate>
    <Text8>Дата последних событий</Text8>
    <Text1>код контракта</Text1>
    <Text2>тип_события</Text2>
    <Text3>дата_события</Text3>
  </Eventdate>
  <GroupMembers>
    <Text5>Активные групповые кредиты без участников</Text5>
    <Text4>контракты без участников</Text4>
    <Text1>Код контракта</Text1>
  </GroupMembers>
  <GroupMembersOld>
    <Text1>Код контракта</Text1>
    <Text5>Неактивные групповые кредиты без участников</Text5>
    <Text4>закрытые контракты без участников</Text4>
  </GroupMembersOld>
  <LoanOfficerDeleted>
    <Text1>Id контракта</Text1>
    <Text2>Код контракта</Text2>
    <Text4>Кредитный специалист</Text4>
    <Text5>КП</Text5>
  </LoanOfficerDeleted>
  <LoanShareAmountClosed.rpt>
    <Text3>Сумма</Text3>
    <Text2>Сумма долей</Text2>
    <Text1>Код контракта</Text1>
    <Text5>Доли группового кредиты</Text5>
    <Text4>Контракты с неверным разделением долей</Text4>
  </LoanShareAmountClosed.rpt>
  <NullLoanShareAmount>
    <Text1>Id контракта</Text1>
    <Text2>Код контракта</Text2>
    <Text3>Название группы</Text3>
    <Text4>Имя клиента</Text4>
    <Text5>Кредитный специалист</Text5>
    <Text6>Клиенты с нулевой долей кредита в группе</Text6>
  </NullLoanShareAmount>
  <OLBDiscrepancy>
    <Text8>Кредиты с неверным КП</Text8>
    <Text1>код контракта</Text1>
    <Text3>КП рассчитанный функцией активных кредитов</Text3>
    <Text4>сумма кредита -  сумма оплаченного основного долга</Text4>
    <Text5> сумма кредита - сумма оплаченного основного долга по инсталляциям</Text5>
  </OLBDiscrepancy>
  <SameContractCode>
    <Text1>Код контракта</Text1>
    <Text2>Имя клиента</Text2>
    <Text3>Кредитный специалист</Text3>
    <Text4>Код контракта используемый в более чем одном контракте</Text4>
  </SameContractCode>
  <WeirdContracts>
    <Text1>Странные контракты</Text1>
    <Text2>Клиент</Text2>
    <Text3>Код контракта</Text3>
    <Text4>Закрытые</Text4>
    <Text5>КП</Text5>
    <Text6>Кредитный специалист</Text6>
  </WeirdContracts>
</label>