﻿<?xml version='1.0' encoding='UTF-8'?>
<label>
  <MAIN_REPORT>
    <Text4>Qualité des données</Text4>
    <Text2>Qualité des données</Text2>
  </MAIN_REPORT>
  <ContractWithoutLoanOfficer>
    <Text3>Nom du client</Text3>
    <Text2>Code du contrat</Text2>
    <Text4>Contracts avec agent de crédit</Text4>
    <Text5>No du Contrat</Text5>
  </ContractWithoutLoanOfficer>
  <EstablishmentDate>
    <Text1>No du Contrat</Text1>
    <Text2>Code du contrat</Text2>
    <Text3>Nom du groupe</Text3>
    <Text4>Agent de crédit</Text4>
    <Text5>Date</Text5>
    <Text7>Groupe sans date de création</Text7>
  </EstablishmentDate>
  <Eventdate>
    <Text8>Evénements précédant la date actuelle</Text8>
    <Text1>Code du contrat</Text1>
    <Text2>Type d'événement</Text2>
    <Text3>Date de l'événement</Text3>
  </Eventdate>
  <GroupMembers>
    <Text5>Groupes actifs sans membre</Text5>
    <Text4>Contrats sans membre</Text4>
    <Text1>Code du contrat</Text1>
  </GroupMembers>
  <GroupMembersOld>
    <Text1>Code du contrat</Text1>
    <Text5>Groupes inactifs sans membre</Text5>
    <Text4>Contrats clôturés sans membre</Text4>
  </GroupMembersOld>
  <LoanOfficerDeleted>
    <Text1>No du Contrat </Text1>
    <Text2>Code du contrat</Text2>
    <Text4>Agent de crédit</Text4>
    <Text5>KRD</Text5>
  </LoanOfficerDeleted>
  <LoanShareAmountClosed.rpt>
    <Text3>Montant</Text3>
    <Text2>Nombre de parts</Text2>
    <Text1>Code du contrat</Text1>
    <Text5>Parts des prêts d'un groupe</Text5>
    <Text4>Contrats avec mauvaise répartition des parts</Text4>
  </LoanShareAmountClosed.rpt>
  <NullLoanShareAmount>
    <Text1>No du Contrat</Text1>
    <Text2>Code du contrat</Text2>
    <Text3>Nom du groupe</Text3>
    <Text4>Nom du client</Text4>
    <Text5>Agent de crédit</Text5>
    <Text6>Clients d'un groupe avec une part du prêt nulle</Text6>
  </NullLoanShareAmount>
  <OLBDiscrepancy>
    <Text8>Prêts ayant un encours incorrect</Text8>
    <Text1>Code du contrat</Text1>
    <Text3>Encours calculé avec la fonction activeloans </Text3>
    <Text4>Montant du prêt (repaiement+principal_payé)</Text4>
    <Text5>Montant du prêt (versemments+principal_payé)</Text5>
  </OLBDiscrepancy>
  <SameContractCode>
    <Text1>Code contrat</Text1>
    <Text2>Nom du client</Text2>
    <Text3>Agent de crédit</Text3>
    <Text4>Code contrat utilisé pour plus d'un contrat</Text4>
  </SameContractCode>
  <WeirdContracts>
    <Text1>Contracts incorrects</Text1>
    <Text2>Client</Text2>
    <Text3>Code du contrat</Text3>
    <Text4>Clôturé</Text4>
    <Text5>KRD</Text5>
    <Text6>Agent de crédit</Text6>
  </WeirdContracts>
</label>