﻿<?xml version='1.0' encoding='UTF-8'?>
<label>
  <MAIN_REPORT>
    <fn_title>"Списанные кредиты"</fn_title>
    <Text13>Код контракта</Text13>
    <Text14>Нач. дата</Text14>
    <Text18>Кон. дата</Text18>
    <Text20>Дата списания</Text20>
    <Text21>Списано ОС</Text21>
    <Text23>Выдано</Text23>
    <Text25>Далньнейшие погаш.</Text25>
    <Text26>Осн. сумма</Text26>
    <Text27>Процент</Text27>
    <Text28>Пеня</Text28>
    <Text5>Филиал</Text5>
    <Text17>Итого</Text17>
  </MAIN_REPORT>
</label>
