﻿<?xml version="1.0" encoding="utf-8"?>
<report order="270">
    <title>Written off loans</title>
    <description><![CDATA[List of written-off loans within a specified period.]]></description>
    <param name= "beginDate" label="Begin date" type="date" default="today"/>
    <param name= "endDate" label="End date" type="date" default="today"/>
	<param name="disbursed_in" label="Disbursed in" type="query"><![CDATA[SELECT 0, 'ALL' UNION ALL SELECT id, name FROM dbo.Currencies]]></param>
    <param name="display_in" label="Display in" type="query"><![CDATA[SELECT id, name FROM dbo.Currencies]]></param>
	<param name="branch_id" label="Branch" type="query" hideIfRows="2"><![CDATA[
        DECLARE @conso_mode BIT
        SELECT @conso_mode = CAST(value AS BIT)
        FROM dbo.GeneralParameters
        WHERE [key] = 'CONSOLIDATION_MODE'

        IF 0 = @conso_mode
        BEGIN
            SELECT 0, 'All branches'
            UNION ALL
            SELECT DISTINCT id, name
            FROM dbo.Branches b
            INNER JOIN dbo.UsersBranches ub ON ub.branch_id = b.id
            WHERE ub.user_id = {USER_ID}
        END
        ELSE
        BEGIN
            SELECT 0, 'All branches'
            UNION ALL
            SELECT CAST(ROW_NUMBER() OVER (ORDER BY branch_name) AS INT), branch_name
            FROM dbo.Rep_Disbursements_Data
            GROUP BY branch_name
        END
    ]]></param>
	<param name="subordinate_id" label="Subordinate" type="query" hideIfRows="2"><![CDATA[
		DECLARE @conso_mode BIT
		SELECT @conso_mode = CAST(value AS BIT)
		FROM dbo.GeneralParameters
		WHERE [key] = 'CONSOLIDATION_MODE'

		DECLARE @users TABLE (id INT NOT NULL, name NVARCHAR(100))

		INSERT INTO @users
		SELECT 0, 'All subordinates'

		INSERT INTO @users
		SELECT id, first_name + ' ' + last_name
		FROM dbo.Users
		WHERE id = {USER_ID}

		IF 0 = @conso_mode
		BEGIN
			INSERT INTO @users
			SELECT id, first_name + ' ' + last_name
			FROM dbo.Users
			WHERE id IN
			(
				SELECT subordinate_id 
				FROM dbo.UsersSubordinates
				WHERE user_id = {USER_ID}
			)
		END

		SELECT * FROM @users
	]]></param>

    <localized lang="ru-RU">
    <title>Списанные кредиты</title>
    <description><![CDATA[Детальный отчет по кредитам, списанным за период.]]></description>
    <param name= "beginDate" label="С" type="date" default="today"/>
    <param name= "endDate" label="По" type="date" default="today"/>
	<param name="disbursed_in" label="Выдачи в" type="query"><![CDATA[SELECT 0, N'Все валюты' UNION ALL SELECT id, name FROM dbo.Currencies]]></param>
    <param name="display_in" label="Показывать в" type="query"><![CDATA[SELECT id, name FROM dbo.Currencies]]></param>
	<param name="branch_id" label="Филиал" type="query" hideIfRows="2"><![CDATA[
            DECLARE @conso_mode BIT
            SELECT @conso_mode = CAST(value AS BIT)
            FROM dbo.GeneralParameters
            WHERE [key] = 'CONSOLIDATION_MODE'

            IF 0 = @conso_mode
            BEGIN
                SELECT 0, N'Все филиалы'
                UNION ALL
                SELECT DISTINCT id, name
                FROM dbo.Branches b
                INNER JOIN dbo.UsersBranches ub ON ub.branch_id = b.id
                WHERE ub.user_id = {USER_ID}
            END
            ELSE
            BEGIN
                SELECT 0, N'Все филиалы'
                UNION ALL
                SELECT CAST(ROW_NUMBER() OVER (ORDER BY branch_name) AS INT), branch_name
                FROM dbo.Rep_Disbursements_Data
                GROUP BY branch_name
            END
        ]]></param>
		<param name="subordinate_id" label="Подчинённые" type="query" hideIfRows="2"><![CDATA[
			DECLARE @conso_mode BIT
			SELECT @conso_mode = CAST(value AS BIT)
			FROM dbo.GeneralParameters
			WHERE [key] = 'CONSOLIDATION_MODE'

			DECLARE @users TABLE (id INT NOT NULL, name NVARCHAR(100))

			INSERT INTO @users
            SELECT 0, N'Все подчиненные'

			INSERT INTO @users
			SELECT id, first_name + ' ' + last_name
			FROM dbo.Users
			WHERE id = {USER_ID}

			IF 0 = @conso_mode
			BEGIN
				INSERT INTO @users
				SELECT id, first_name + ' ' + last_name
				FROM dbo.Users
				WHERE id IN
				(
					SELECT subordinate_id 
					FROM dbo.UsersSubordinates
					WHERE user_id = {USER_ID}
				)
			END

			SELECT * FROM @users
		]]></param>
    </localized>

    <localized lang="fr">
    <title>Prêts perdus par agent de crédit</title>
    <description><![CDATA[Liste des prêts passés en perte sur une période donnée.]]></description>
    <param name= "beginDate" label="Du" type="date" default="today"/>
    <param name= "endDate" label="Au" type="date" default="today"/>
	<param name="disbursed_in" label="Déboursé en" type="query"><![CDATA[SELECT 0, 'ALL' UNION ALL SELECT id, name FROM dbo.Currencies]]></param>
    <param name="display_in" label="Afficher en" type="query"><![CDATA[SELECT id, name FROM dbo.Currencies]]></param>
	<param name="branch_id" label="Branche" type="query" hideIfRows="2"><![CDATA[
            DECLARE @conso_mode BIT
            SELECT @conso_mode = CAST(value AS BIT)
            FROM dbo.GeneralParameters
            WHERE [key] = 'CONSOLIDATION_MODE'

            IF 0 = @conso_mode
            BEGIN
                SELECT 0, N'Toutes les branches'
                UNION ALL
                SELECT DISTINCT id, name
                FROM dbo.Branches b
                INNER JOIN dbo.UsersBranches ub ON ub.branch_id = b.id
                WHERE ub.user_id = {USER_ID}
            END
            ELSE
            BEGIN
                SELECT 0, 'All branches'
                UNION ALL
                SELECT CAST(ROW_NUMBER() OVER (ORDER BY branch_name) AS INT), branch_name
                FROM dbo.Rep_Disbursements_Data
                GROUP BY branch_name
            END
        ]]></param>
		<param name="subordinate_id" label="Subordonné" type="query" hideIfRows="2"><![CDATA[
			DECLARE @conso_mode BIT
			SELECT @conso_mode = CAST(value AS BIT)
			FROM dbo.GeneralParameters
			WHERE [key] = 'CONSOLIDATION_MODE'

			DECLARE @users TABLE (id INT NOT NULL, name NVARCHAR(100))

			INSERT INTO @users
            SELECT 0, N'Tous les subordonnés'

			INSERT INTO @users
			SELECT id, first_name + ' ' + last_name
			FROM dbo.Users
			WHERE id = {USER_ID}

			IF 0 = @conso_mode
			BEGIN
				INSERT INTO @users
				SELECT id, first_name + ' ' + last_name
				FROM dbo.Users
				WHERE id IN
				(
					SELECT subordinate_id 
					FROM dbo.UsersSubordinates
					WHERE user_id = {USER_ID}
				)
			END

			SELECT * FROM @users
		]]></param>
    </localized>


 <localized lang="pt">
<title>Amortizados empréstimos</title>
    <description><![CDATA[Lista de empréstimos baixados dentro de um período especificado.]]></description>
    <param name= "beginDate" label="data de início" type="date" default="today"/>
    <param name= "endDate" label="data de término" type="date" default="today"/>
	<param name="disbursed_in" label="desembolsados ​​em" type="query"><![CDATA[SELECT 0, 'ALL' UNION ALL SELECT id, name FROM dbo.Currencies]]></param>
    <param name="display_in" label="Exibição em" type="query"><![CDATA[SELECT id, name FROM dbo.Currencies]]></param>
	<param name="branch_id" label="braço" type="query" hideIfRows="2"><![CDATA[
        DECLARE @conso_mode BIT
        SELECT @conso_mode = CAST(value AS BIT)
        FROM dbo.GeneralParameters
        WHERE [key] = 'CONSOLIDATION_MODE'

        IF 0 = @conso_mode
        BEGIN
            SELECT 0, 'All branches'
            UNION ALL
            SELECT DISTINCT id, name
            FROM dbo.Branches b
            INNER JOIN dbo.UsersBranches ub ON ub.branch_id = b.id
            WHERE ub.user_id = {USER_ID}
        END
        ELSE
        BEGIN
            SELECT 0, 'All branches'
            UNION ALL
            SELECT CAST(ROW_NUMBER() OVER (ORDER BY branch_name) AS INT), branch_name
            FROM dbo.Rep_Disbursements_Data
            GROUP BY branch_name
        END
    ]]></param>
	<param name="subordinate_id" label="subordinar" type="query" hideIfRows="2"><![CDATA[
		DECLARE @conso_mode BIT
		SELECT @conso_mode = CAST(value AS BIT)
		FROM dbo.GeneralParameters
		WHERE [key] = 'CONSOLIDATION_MODE'

		DECLARE @users TABLE (id INT NOT NULL, name NVARCHAR(100))

		INSERT INTO @users
		SELECT 0, 'All subordinates'

		INSERT INTO @users
		SELECT id, first_name + ' ' + last_name
		FROM dbo.Users
		WHERE id = {USER_ID}

		IF 0 = @conso_mode
		BEGIN
			INSERT INTO @users
			SELECT id, first_name + ' ' + last_name
			FROM dbo.Users
			WHERE id IN
			(
				SELECT subordinate_id 
				FROM dbo.UsersSubordinates
				WHERE user_id = {USER_ID}
			)
		END

		SELECT * FROM @users
	]]></param>
 </localized>
 
  	<tags>
		<tag><![CDATA[Loans]]></tag>
	</tags>
	
	<localized lang="ru-RU">
		<tags>
			<tag><![CDATA[Кредиты]]></tag>
		</tags>	
	</localized>
	
	<localized lang="fr">
		<tags>
			<tag><![CDATA[Crédit]]></tag>
		</tags>	
	</localized>
	
</report>
