﻿<?xml version='1.0' encoding='UTF-8'?>
<label>
  <MAIN_REPORT>
    <Text1>folha de recolha</Text1>
    <Text14>nome do cliente</Text14>
    <Text15>distrito</Text15>
    <Text16>cidade</Text16>
    <Text17>código dos Contratos</Text17>
    <Text18>oficial de empréstimo</Text18>
    <Text3>quantidade</Text3>
    <Text4>OLB</Text4>
    <Text5>interesse</Text5>
    <Text6>principal</Text6>
    <Text2>número de telefone</Text2>
    <Text9>Total</Text9>
    <Text7>Taxa de câmbio:</Text7>
    <Text8>TOTAL</Text8>
  </MAIN_REPORT>
</label>