﻿<?xml version="1.0" encoding="utf-8"?>
<report order="0">
    <title>Collection sheet</title>
    <description><![CDATA[]]></description>
    <param type="date" name="beginDate" label="From"/>
    <param type="date" name="endDate" label="To"/>
    <param type="query" name="disbursed_in" label="Disbursed in" hideIfRows="2"><![CDATA[
    SELECT 0, 'All currencies'
    UNION ALL
    SELECT id, name
    FROM dbo.Currencies
    ]]></param>
    <param type="query" name="display_in" label="Display in" hideIfRows="1"><![CDATA[
    SELECT id, name
    FROM dbo.Currencies
    ]]></param>
    <param type="query" name="branch_id" label="Branch" hideIfRows="2"><![CDATA[
    SELECT 0, 'All branches'
    UNION ALL
    SELECT DISTINCT id, name
    FROM dbo.Branches b
    INNER JOIN dbo.UsersBranches ub ON ub.branch_id = b.id
    WHERE ub.user_id = {USER_ID}
    ]]></param>
    <param name="subordinate_id" label="Subordinate" type="query" hideIfRows="2"><![CDATA[
    SELECT 0, 'All subordinates'

    UNION ALL

    SELECT id, first_name + ' ' + last_name
    FROM dbo.Users
    WHERE id = {USER_ID}

    UNION ALL

    SELECT id, first_name + ' ' + last_name
    FROM dbo.Users
    WHERE id IN
    (
        SELECT subordinate_id 
        FROM dbo.UsersSubordinates
        WHERE user_id = {USER_ID}
    )]]></param>

    
 <localized lang="pt">
    <title>folha de recolha</title>
    <description><![CDATA[folha de recolha]]></description>
    <param type="date" name="beginDate" label="De"/>
    <param type="date" name="endDate" label="Para"/>
    <param type="query" name="disbursed_in" label="desembolsados ​​em" hideIfRows="2"><![CDATA[
    SELECT 0, 'All currencies'
    UNION ALL
    SELECT id, name
    FROM dbo.Currencies
    ]]></param>
    <param type="query" name="display_in" label="Exibição em" hideIfRows="1"><![CDATA[
    SELECT id, name
    FROM dbo.Currencies
    ]]></param>
    <param type="query" name="branch_id" label="braço" hideIfRows="2"><![CDATA[
    SELECT 0, 'All branches'
    UNION ALL
    SELECT DISTINCT id, name
    FROM dbo.Branches b
    INNER JOIN dbo.UsersBranches ub ON ub.branch_id = b.id
    WHERE ub.user_id = {USER_ID}
    ]]></param>
    <param name="subordinate_id" label="subordinar" type="query" hideIfRows="2"><![CDATA[
    SELECT 0, 'All subordinates'

    UNION ALL

    SELECT id, first_name + ' ' + last_name
    FROM dbo.Users
    WHERE id = {USER_ID}

    UNION ALL

    SELECT id, first_name + ' ' + last_name
    FROM dbo.Users
    WHERE id IN
    (
        SELECT subordinate_id 
        FROM dbo.UsersSubordinates
        WHERE user_id = {USER_ID}
    )]]></param>
 </localized>

</report>
