﻿<?xml version="1.0" encoding="utf-8"?>
<report order="14">
    <title>Anticipated totally repaid loans</title>
    <description><![CDATA[Display all the loans prematurely closed during a particular period.]]></description>
    <param name= "beginDate" label="Begin date" type="date" default="today"/>
    <param name= "endDate" label="End date" type="date" default="today"/>

    <localized lang="ru-RU">
        <title>Досрочно погашенные кредиты</title>
        <description><![CDATA[Детальный отчет о кредитах, погашенных досрочно в указанный период.]]></description>
        <param name="beginDate" label="С" type="date" default="today"/>
        <param name="endDate" label="По" type="date" default="today"/>
    </localized>

    <localized lang="fr">
        <title>Remboursement total anticipé</title>
        <description><![CDATA[Liste des prêts ayant fait l'objet d'un remboursement total anticipé sur une période donnée. Nom du client, code contrat et nom  de l'agent de crédit. Paiement attendu, paiement effectif et frais de paiement anticipé perçus.]]></description>
        <param name= "beginDate" label="Date de début" type="date" default="today"/>
        <param name= "endDate" label="Date de fin" type="date" default="today"/>
    </localized>


 <localized lang="pt">
        <title>Previstos empréstimos totalmente reembolsados</title>
        <description><![CDATA[Mostrar todos os empréstimos prematuramente fechado durante um determinado período.]]></description>
        <param name= "beginDate" label="data de início" type="date" default="today"/>
        <param name= "endDate" label="data de término" type="date" default="today"/>
 </localized>
 
  	<tags>
		<tag><![CDATA[Loans]]></tag>
	</tags>
	
	<localized lang="ru-RU">
		<tags>
			<tag><![CDATA[Кредиты]]></tag>
		</tags>	
	</localized>
	
	<localized lang="fr">
		<tags>
			<tag><![CDATA[Crédit]]></tag>
		</tags>	
	</localized>


</report>
