﻿<?xml version='1.0' encoding='UTF-8'?>
<label>
  <MAIN_REPORT>
    <fn_subtotal>"Итого на " + CStr({Rep_Collection_Sheet.expected_date}, "dd.MM.yyyy")</fn_subtotal>
    <Title>План погашений (с учетом выплат)</Title>
    <FName>Имя</FName>
    <LName>Фамилия</LName>
    <District>Район</District>
    <City>Город</City>
    <CCode>Код контракта</CCode>
    <LOfficer>Кред. спец.</LOfficer>
<Activity>Деятельность</Activity>
    <Amount>Сумма</Amount>
    <Olb>КП</Olb>
<Commis>Комиссия</Commis>
<Text10>Имя клиента</Text10>
    <Interest>Процент</Interest>
    <Principal>ОС</Principal>
    <PNumber>Телефон</PNumber>
    <TotalK>Итого</TotalK>
    <Text8>ИТОГО</Text8>
  </MAIN_REPORT>
</label>