﻿<?xml version='1.0' encoding='UTF-8'?>
<label>
  <MAIN_REPORT>
    <Text1>transferência de carteira</Text1>
    <Text15>PAR, %</Text15>
    <Text16>OLB</Text16>
    <Text17>volume de PAR</Text17>
    <Text18>clientes</Text18>
    <Text19>contratos</Text19>
    <Text21>entrada</Text21>
    <Text26>cessante</Text26>
    <Text33>Real</Text33>
    <Text39>bônus</Text39>
    <Text3>TOTAL</Text3>
    <Text4>entrada</Text4>
    <Text5>cessante</Text5>
    <Text6>Real</Text6>
    <Text7>bônus</Text7>
    <Text8>OLB</Text8>
    <Text9>PAR, %</Text9>
    <Text10>volume de PAR</Text10>
    <Text11>clientes</Text11>
    <Text12>contratos</Text12>
  </MAIN_REPORT>
</label>