﻿<?xml version='1.0' encoding='UTF-8'?>
<label>
  <RepaymentCollectionSheetDelinquent.rpt>
    <Text1>empréstimos inadimplentes</Text1>
    <Text3>Taxa de câmbio:</Text3>
    <Text5>Para a data:</Text5>
    <Text12>pena</Text12>
    <Text15>dias de atraso</Text15>
    <Text13>OLB</Text13>
    <Text10>interesse</Text10>
    <Text9>Principal</Text9>
    <Text8>quantidade</Text8>
    <Text7>código dos Contratos</Text7>
    <Text6>cidade</Text6>
    <Text4>nome do cliente</Text4>
    <Text14>distrito</Text14>
    <Text11>número de telefone</Text11>
    <Text2>TOTAL</Text2>
  </RepaymentCollectionSheetDelinquent.rpt>
  <report.rpt>
    <Text1>folha de recolha</Text1>
    <Text9>Total</Text9>
    <Text2>número de telefone</Text2>
    <Text6>Principal</Text6>
    <Text5>interesse</Text5>
    <Text4>OLB</Text4>
    <Text3>quantidade</Text3>
    <Text18>oficial de empréstimo</Text18>
    <Text17>código dos Contratos</Text17>
    <Text16>cidade</Text16>
    <Text15>distrito</Text15>
    <Text14>nome do cliente</Text14>
    <Text7>Taxa de câmbio:</Text7>
    <Text8>TOTAL</Text8>
  </report.rpt>
</label>