﻿<?xml version='1.0' encoding='UTF-8'?>
<label>
  <MAIN_REPORT>
    <fn_title>"Начисленные проценты"</fn_title>
    <Text1>Код контракта</Text1>
    <Text2>Клиент</Text2>
    <Text3>Район</Text3>
    <Text4>Продукт</Text4>
    <Text5>Сумма</Text5>
    <Text6>Процент</Text6>
    <Text8>Дни проср.</Text8>
    <Text7>Кред. спец.</Text7>
    <Text9>Дни начис.</Text9>
    <Text11>Итого:</Text11>
  </MAIN_REPORT>
</label>